cim:ACDCConverter.baseS	xsd:float
cim:ACDCConverter.idc	xsd:float
cim:ACDCConverter.idleLoss	xsd:float
cim:ACDCConverter.maxP	xsd:float
cim:ACDCConverter.maxUdc	xsd:float
cim:ACDCConverter.minP	xsd:float
cim:ACDCConverter.minUdc	xsd:float
cim:ACDCConverter.numberOfValves	xsd:integer
cim:ACDCConverter.p	xsd:float
cim:ACDCConverter.poleLossP	xsd:float
cim:ACDCConverter.q	xsd:float
cim:ACDCConverter.ratedUdc	xsd:float
cim:ACDCConverter.resistiveLoss	xsd:float
cim:ACDCConverter.switchingLoss	xsd:float
cim:ACDCConverter.targetPpcc	xsd:float
cim:ACDCConverter.targetUdc	xsd:float
cim:ACDCConverter.uc	xsd:float
cim:ACDCConverter.udc	xsd:float
cim:ACDCConverter.valveU0	xsd:float
cim:ACDCTerminal.connected	xsd:boolean
cim:ACDCTerminal.sequenceNumber	xsd:integer
cim:ACLineSegment.b0ch	xsd:float
cim:ACLineSegment.bch	xsd:float
cim:ACLineSegment.g0ch	xsd:float
cim:ACLineSegment.gch	xsd:float
cim:ACLineSegment.r	xsd:float
cim:ACLineSegment.r0	xsd:float
cim:ACLineSegment.shortCircuitEndTemperature	xsd:float
cim:ACLineSegment.x	xsd:float
cim:ACLineSegment.x0	xsd:float
cim:AccumulatorLimit.value	xsd:integer
cim:ActivePowerLimit.normalValue	xsd:float
cim:ActivePowerLimit.value	xsd:float
cim:Analog.positiveFlowIn	xsd:boolean
cim:AnalogControl.maxValue	xsd:float
cim:AnalogControl.minValue	xsd:float
cim:AnalogLimit.value	xsd:float
cim:ApparentPowerLimit.normalValue	xsd:float
cim:ApparentPowerLimit.value	xsd:float
cim:AsynchronousMachine.converterFedDrive	xsd:boolean
cim:AsynchronousMachine.efficiency	xsd:float
cim:AsynchronousMachine.iaIrRatio	xsd:float
cim:AsynchronousMachine.nominalFrequency	xsd:float
cim:AsynchronousMachine.nominalSpeed	xsd:float
cim:AsynchronousMachine.polePairNumber	xsd:integer
cim:AsynchronousMachine.ratedMechanicalPower	xsd:float
cim:AsynchronousMachine.reversible	xsd:boolean
cim:AsynchronousMachine.rxLockedRotorRatio	xsd:float
cim:AsynchronousMachineEquivalentCircuit.rr1	xsd:float
cim:AsynchronousMachineEquivalentCircuit.rr2	xsd:float
cim:AsynchronousMachineEquivalentCircuit.xlr1	xsd:float
cim:AsynchronousMachineEquivalentCircuit.xlr2	xsd:float
cim:AsynchronousMachineEquivalentCircuit.xm	xsd:float
cim:AsynchronousMachineTimeConstantReactance.tpo	xsd:float
cim:AsynchronousMachineTimeConstantReactance.tppo	xsd:float
cim:AsynchronousMachineTimeConstantReactance.xp	xsd:float
cim:AsynchronousMachineTimeConstantReactance.xpp	xsd:float
cim:AsynchronousMachineTimeConstantReactance.xs	xsd:float
cim:AsynchronousMachineUserDefined.proprietary	xsd:boolean
cim:BaseVoltage.nominalVoltage	xsd:float
cim:BasicIntervalSchedule.startTime	xsd:dateTime
cim:BatteryUnit.ratedE	xsd:float
cim:BatteryUnit.storedE	xsd:float
cim:BusNameMarker.priority	xsd:integer
cim:BusbarSection.ipMax	xsd:float
cim:CSCUserDefined.proprietary	xsd:boolean
cim:Clamp.lengthFromTerminal1	xsd:float
cim:Command.normalValue	xsd:integer
cim:Command.value	xsd:integer
cim:Conductor.length	xsd:float
cim:Control.controlType	xsd:string
cim:Control.operationInProgress	xsd:boolean
cim:Control.timeStamp	xsd:dateTime
cim:ControlArea.netInterchange	xsd:float
cim:ControlArea.pTolerance	xsd:float
cim:CoordinateSystem.crsUrn	xsd:string
cim:CsConverter.alpha	xsd:float
cim:CsConverter.gamma	xsd:float
cim:CsConverter.maxAlpha	xsd:float
cim:CsConverter.maxGamma	xsd:float
cim:CsConverter.maxIdc	xsd:float
cim:CsConverter.minAlpha	xsd:float
cim:CsConverter.minGamma	xsd:float
cim:CsConverter.minIdc	xsd:float
cim:CsConverter.ratedIdc	xsd:float
cim:CsConverter.targetAlpha	xsd:float
cim:CsConverter.targetGamma	xsd:float
cim:CsConverter.targetIdc	xsd:float
cim:CurrentLimit.normalValue	xsd:float
cim:CurrentLimit.value	xsd:float
cim:CurveData.xvalue	xsd:float
cim:CurveData.y1value	xsd:float
cim:CurveData.y2value	xsd:float
cim:Cut.lengthFromTerminal1	xsd:float
cim:DCConductingEquipment.ratedUdc	xsd:float
cim:DCGround.inductance	xsd:float
cim:DCGround.r	xsd:float
cim:DCLineSegment.capacitance	xsd:float
cim:DCLineSegment.inductance	xsd:float
cim:DCLineSegment.length	xsd:float
cim:DCLineSegment.resistance	xsd:float
cim:DCSeriesDevice.inductance	xsd:float
cim:DCSeriesDevice.resistance	xsd:float
cim:DCShunt.capacitance	xsd:float
cim:DCShunt.resistance	xsd:float
cim:Diagram.x1InitialView	xsd:float
cim:Diagram.x2InitialView	xsd:float
cim:Diagram.y1InitialView	xsd:float
cim:Diagram.y2InitialView	xsd:float
cim:DiagramObject.drawingOrder	xsd:integer
cim:DiagramObject.isPolygon	xsd:boolean
cim:DiagramObject.offsetX	xsd:float
cim:DiagramObject.offsetY	xsd:float
cim:DiagramObject.rotation	xsd:float
cim:DiagramObjectPoint.sequenceNumber	xsd:integer
cim:DiagramObjectPoint.xPosition	xsd:float
cim:DiagramObjectPoint.yPosition	xsd:float
cim:DiagramObjectPoint.zPosition	xsd:float
cim:DiscExcContIEEEDEC1A.esc	xsd:float
cim:DiscExcContIEEEDEC1A.kan	xsd:float
cim:DiscExcContIEEEDEC1A.ketl	xsd:float
cim:DiscExcContIEEEDEC1A.tan	xsd:float
cim:DiscExcContIEEEDEC1A.td	xsd:float
cim:DiscExcContIEEEDEC1A.tl1	xsd:float
cim:DiscExcContIEEEDEC1A.tl2	xsd:float
cim:DiscExcContIEEEDEC1A.tw5	xsd:float
cim:DiscExcContIEEEDEC1A.val	xsd:float
cim:DiscExcContIEEEDEC1A.vanmax	xsd:float
cim:DiscExcContIEEEDEC1A.vomax	xsd:float
cim:DiscExcContIEEEDEC1A.vomin	xsd:float
cim:DiscExcContIEEEDEC1A.vsmax	xsd:float
cim:DiscExcContIEEEDEC1A.vsmin	xsd:float
cim:DiscExcContIEEEDEC1A.vtc	xsd:float
cim:DiscExcContIEEEDEC1A.vtlmt	xsd:float
cim:DiscExcContIEEEDEC1A.vtm	xsd:float
cim:DiscExcContIEEEDEC1A.vtn	xsd:float
cim:DiscExcContIEEEDEC2A.td1	xsd:float
cim:DiscExcContIEEEDEC2A.td2	xsd:float
cim:DiscExcContIEEEDEC2A.vdmax	xsd:float
cim:DiscExcContIEEEDEC2A.vdmin	xsd:float
cim:DiscExcContIEEEDEC2A.vk	xsd:float
cim:DiscExcContIEEEDEC3A.tdr	xsd:float
cim:DiscExcContIEEEDEC3A.vtmin	xsd:float
cim:DiscontinuousExcitationControlUserDefined.proprietary	xsd:boolean
cim:DynamicsFunctionBlock.enabled	xsd:boolean
cim:EarthFaultCompensator.r	xsd:float
cim:EnergyConsumer.p	xsd:float
cim:EnergyConsumer.pfixed	xsd:float
cim:EnergyConsumer.pfixedPct	xsd:float
cim:EnergyConsumer.q	xsd:float
cim:EnergyConsumer.qfixed	xsd:float
cim:EnergyConsumer.qfixedPct	xsd:float
cim:EnergySource.activePower	xsd:float
cim:EnergySource.nominalVoltage	xsd:float
cim:EnergySource.pMax	xsd:float
cim:EnergySource.pMin	xsd:float
cim:EnergySource.r	xsd:float
cim:EnergySource.r0	xsd:float
cim:EnergySource.reactivePower	xsd:float
cim:EnergySource.rn	xsd:float
cim:EnergySource.voltageAngle	xsd:float
cim:EnergySource.voltageMagnitude	xsd:float
cim:EnergySource.x	xsd:float
cim:EnergySource.x0	xsd:float
cim:EnergySource.xn	xsd:float
cim:Equipment.aggregate	xsd:boolean
cim:Equipment.inService	xsd:boolean
cim:Equipment.normallyInService	xsd:boolean
cim:EquivalentBranch.negativeR12	xsd:float
cim:EquivalentBranch.negativeR21	xsd:float
cim:EquivalentBranch.negativeX12	xsd:float
cim:EquivalentBranch.negativeX21	xsd:float
cim:EquivalentBranch.positiveR12	xsd:float
cim:EquivalentBranch.positiveR21	xsd:float
cim:EquivalentBranch.positiveX12	xsd:float
cim:EquivalentBranch.positiveX21	xsd:float
cim:EquivalentBranch.r	xsd:float
cim:EquivalentBranch.r21	xsd:float
cim:EquivalentBranch.x	xsd:float
cim:EquivalentBranch.x21	xsd:float
cim:EquivalentBranch.zeroR12	xsd:float
cim:EquivalentBranch.zeroR21	xsd:float
cim:EquivalentBranch.zeroX12	xsd:float
cim:EquivalentBranch.zeroX21	xsd:float
cim:EquivalentInjection.maxP	xsd:float
cim:EquivalentInjection.maxQ	xsd:float
cim:EquivalentInjection.minP	xsd:float
cim:EquivalentInjection.minQ	xsd:float
cim:EquivalentInjection.p	xsd:float
cim:EquivalentInjection.q	xsd:float
cim:EquivalentInjection.r	xsd:float
cim:EquivalentInjection.r0	xsd:float
cim:EquivalentInjection.r2	xsd:float
cim:EquivalentInjection.regulationCapability	xsd:boolean
cim:EquivalentInjection.regulationStatus	xsd:boolean
cim:EquivalentInjection.regulationTarget	xsd:float
cim:EquivalentInjection.x	xsd:float
cim:EquivalentInjection.x0	xsd:float
cim:EquivalentInjection.x2	xsd:float
cim:EquivalentShunt.b	xsd:float
cim:EquivalentShunt.g	xsd:float
cim:ExcAC1A.hvlvgates	xsd:boolean
cim:ExcAC1A.ka	xsd:float
cim:ExcAC1A.kc	xsd:float
cim:ExcAC1A.kd	xsd:float
cim:ExcAC1A.ke	xsd:float
cim:ExcAC1A.kf	xsd:float
cim:ExcAC1A.kf1	xsd:float
cim:ExcAC1A.kf2	xsd:float
cim:ExcAC1A.ks	xsd:float
cim:ExcAC1A.seve1	xsd:float
cim:ExcAC1A.seve2	xsd:float
cim:ExcAC1A.ta	xsd:float
cim:ExcAC1A.tb	xsd:float
cim:ExcAC1A.tc	xsd:float
cim:ExcAC1A.te	xsd:float
cim:ExcAC1A.tf	xsd:float
cim:ExcAC1A.vamax	xsd:float
cim:ExcAC1A.vamin	xsd:float
cim:ExcAC1A.ve1	xsd:float
cim:ExcAC1A.ve2	xsd:float
cim:ExcAC1A.vrmax	xsd:float
cim:ExcAC1A.vrmin	xsd:float
cim:ExcAC2A.hvgate	xsd:boolean
cim:ExcAC2A.ka	xsd:float
cim:ExcAC2A.kb	xsd:float
cim:ExcAC2A.kb1	xsd:float
cim:ExcAC2A.kc	xsd:float
cim:ExcAC2A.kd	xsd:float
cim:ExcAC2A.ke	xsd:float
cim:ExcAC2A.kf	xsd:float
cim:ExcAC2A.kh	xsd:float
cim:ExcAC2A.kl	xsd:float
cim:ExcAC2A.kl1	xsd:float
cim:ExcAC2A.ks	xsd:float
cim:ExcAC2A.lvgate	xsd:boolean
cim:ExcAC2A.seve1	xsd:float
cim:ExcAC2A.seve2	xsd:float
cim:ExcAC2A.ta	xsd:float
cim:ExcAC2A.tb	xsd:float
cim:ExcAC2A.tc	xsd:float
cim:ExcAC2A.te	xsd:float
cim:ExcAC2A.tf	xsd:float
cim:ExcAC2A.vamax	xsd:float
cim:ExcAC2A.vamin	xsd:float
cim:ExcAC2A.ve1	xsd:float
cim:ExcAC2A.ve2	xsd:float
cim:ExcAC2A.vfemax	xsd:float
cim:ExcAC2A.vlr	xsd:float
cim:ExcAC2A.vrmax	xsd:float
cim:ExcAC2A.vrmin	xsd:float
cim:ExcAC3A.efdn	xsd:float
cim:ExcAC3A.ka	xsd:float
cim:ExcAC3A.kc	xsd:float
cim:ExcAC3A.kd	xsd:float
cim:ExcAC3A.ke	xsd:float
cim:ExcAC3A.kf	xsd:float
cim:ExcAC3A.kf1	xsd:float
cim:ExcAC3A.kf2	xsd:float
cim:ExcAC3A.klv	xsd:float
cim:ExcAC3A.kn	xsd:float
cim:ExcAC3A.kr	xsd:float
cim:ExcAC3A.ks	xsd:float
cim:ExcAC3A.seve1	xsd:float
cim:ExcAC3A.seve2	xsd:float
cim:ExcAC3A.ta	xsd:float
cim:ExcAC3A.tb	xsd:float
cim:ExcAC3A.tc	xsd:float
cim:ExcAC3A.te	xsd:float
cim:ExcAC3A.tf	xsd:float
cim:ExcAC3A.vamax	xsd:float
cim:ExcAC3A.vamin	xsd:float
cim:ExcAC3A.ve1	xsd:float
cim:ExcAC3A.ve2	xsd:float
cim:ExcAC3A.vemin	xsd:float
cim:ExcAC3A.vfemax	xsd:float
cim:ExcAC3A.vlv	xsd:float
cim:ExcAC4A.ka	xsd:float
cim:ExcAC4A.kc	xsd:float
cim:ExcAC4A.ta	xsd:float
cim:ExcAC4A.tb	xsd:float
cim:ExcAC4A.tc	xsd:float
cim:ExcAC4A.vimax	xsd:float
cim:ExcAC4A.vimin	xsd:float
cim:ExcAC4A.vrmax	xsd:float
cim:ExcAC4A.vrmin	xsd:float
cim:ExcAC5A.a	xsd:float
cim:ExcAC5A.efd1	xsd:float
cim:ExcAC5A.efd2	xsd:float
cim:ExcAC5A.ka	xsd:float
cim:ExcAC5A.ke	xsd:float
cim:ExcAC5A.kf	xsd:float
cim:ExcAC5A.ks	xsd:float
cim:ExcAC5A.seefd1	xsd:float
cim:ExcAC5A.seefd2	xsd:float
cim:ExcAC5A.ta	xsd:float
cim:ExcAC5A.tb	xsd:float
cim:ExcAC5A.tc	xsd:float
cim:ExcAC5A.te	xsd:float
cim:ExcAC5A.tf1	xsd:float
cim:ExcAC5A.tf2	xsd:float
cim:ExcAC5A.tf3	xsd:float
cim:ExcAC5A.vrmax	xsd:float
cim:ExcAC5A.vrmin	xsd:float
cim:ExcAC6A.ka	xsd:float
cim:ExcAC6A.kc	xsd:float
cim:ExcAC6A.kd	xsd:float
cim:ExcAC6A.ke	xsd:float
cim:ExcAC6A.kh	xsd:float
cim:ExcAC6A.ks	xsd:float
cim:ExcAC6A.seve1	xsd:float
cim:ExcAC6A.seve2	xsd:float
cim:ExcAC6A.ta	xsd:float
cim:ExcAC6A.tb	xsd:float
cim:ExcAC6A.tc	xsd:float
cim:ExcAC6A.te	xsd:float
cim:ExcAC6A.th	xsd:float
cim:ExcAC6A.tj	xsd:float
cim:ExcAC6A.tk	xsd:float
cim:ExcAC6A.vamax	xsd:float
cim:ExcAC6A.vamin	xsd:float
cim:ExcAC6A.ve1	xsd:float
cim:ExcAC6A.ve2	xsd:float
cim:ExcAC6A.vfelim	xsd:float
cim:ExcAC6A.vhmax	xsd:float
cim:ExcAC6A.vrmax	xsd:float
cim:ExcAC6A.vrmin	xsd:float
cim:ExcAC8B.inlim	xsd:boolean
cim:ExcAC8B.ka	xsd:float
cim:ExcAC8B.kc	xsd:float
cim:ExcAC8B.kd	xsd:float
cim:ExcAC8B.kdr	xsd:float
cim:ExcAC8B.ke	xsd:float
cim:ExcAC8B.kir	xsd:float
cim:ExcAC8B.kpr	xsd:float
cim:ExcAC8B.ks	xsd:float
cim:ExcAC8B.pidlim	xsd:boolean
cim:ExcAC8B.seve1	xsd:float
cim:ExcAC8B.seve2	xsd:float
cim:ExcAC8B.ta	xsd:float
cim:ExcAC8B.tdr	xsd:float
cim:ExcAC8B.te	xsd:float
cim:ExcAC8B.telim	xsd:boolean
cim:ExcAC8B.ve1	xsd:float
cim:ExcAC8B.ve2	xsd:float
cim:ExcAC8B.vemin	xsd:float
cim:ExcAC8B.vfemax	xsd:float
cim:ExcAC8B.vimax	xsd:float
cim:ExcAC8B.vimin	xsd:float
cim:ExcAC8B.vpidmax	xsd:float
cim:ExcAC8B.vpidmin	xsd:float
cim:ExcAC8B.vrmax	xsd:float
cim:ExcAC8B.vrmin	xsd:float
cim:ExcAC8B.vtmult	xsd:boolean
cim:ExcANS.blint	xsd:integer
cim:ExcANS.ifmn	xsd:float
cim:ExcANS.ifmx	xsd:float
cim:ExcANS.k2	xsd:float
cim:ExcANS.k3	xsd:float
cim:ExcANS.kce	xsd:float
cim:ExcANS.krvecc	xsd:integer
cim:ExcANS.kvfif	xsd:integer
cim:ExcANS.t1	xsd:float
cim:ExcANS.t2	xsd:float
cim:ExcANS.t3	xsd:float
cim:ExcANS.tb	xsd:float
cim:ExcANS.vrmn	xsd:float
cim:ExcANS.vrmx	xsd:float
cim:ExcAVR1.e1	xsd:float
cim:ExcAVR1.e2	xsd:float
cim:ExcAVR1.ka	xsd:float
cim:ExcAVR1.kf	xsd:float
cim:ExcAVR1.se1	xsd:float
cim:ExcAVR1.se2	xsd:float
cim:ExcAVR1.ta	xsd:float
cim:ExcAVR1.tb	xsd:float
cim:ExcAVR1.te	xsd:float
cim:ExcAVR1.tf	xsd:float
cim:ExcAVR1.vrmn	xsd:float
cim:ExcAVR1.vrmx	xsd:float
cim:ExcAVR2.e1	xsd:float
cim:ExcAVR2.e2	xsd:float
cim:ExcAVR2.ka	xsd:float
cim:ExcAVR2.kf	xsd:float
cim:ExcAVR2.se1	xsd:float
cim:ExcAVR2.se2	xsd:float
cim:ExcAVR2.ta	xsd:float
cim:ExcAVR2.tb	xsd:float
cim:ExcAVR2.te	xsd:float
cim:ExcAVR2.tf1	xsd:float
cim:ExcAVR2.tf2	xsd:float
cim:ExcAVR2.vrmn	xsd:float
cim:ExcAVR2.vrmx	xsd:float
cim:ExcAVR3.e1	xsd:float
cim:ExcAVR3.e2	xsd:float
cim:ExcAVR3.ka	xsd:float
cim:ExcAVR3.se1	xsd:float
cim:ExcAVR3.se2	xsd:float
cim:ExcAVR3.t1	xsd:float
cim:ExcAVR3.t2	xsd:float
cim:ExcAVR3.t3	xsd:float
cim:ExcAVR3.t4	xsd:float
cim:ExcAVR3.te	xsd:float
cim:ExcAVR3.vrmn	xsd:float
cim:ExcAVR3.vrmx	xsd:float
cim:ExcAVR4.imul	xsd:boolean
cim:ExcAVR4.ka	xsd:float
cim:ExcAVR4.ke	xsd:float
cim:ExcAVR4.kif	xsd:float
cim:ExcAVR4.t1	xsd:float
cim:ExcAVR4.t1if	xsd:float
cim:ExcAVR4.t2	xsd:float
cim:ExcAVR4.t3	xsd:float
cim:ExcAVR4.t4	xsd:float
cim:ExcAVR4.tif	xsd:float
cim:ExcAVR4.vfmn	xsd:float
cim:ExcAVR4.vfmx	xsd:float
cim:ExcAVR4.vrmn	xsd:float
cim:ExcAVR4.vrmx	xsd:float
cim:ExcAVR5.ka	xsd:float
cim:ExcAVR5.rex	xsd:float
cim:ExcAVR5.ta	xsd:float
cim:ExcAVR7.a1	xsd:float
cim:ExcAVR7.a2	xsd:float
cim:ExcAVR7.a3	xsd:float
cim:ExcAVR7.a4	xsd:float
cim:ExcAVR7.a5	xsd:float
cim:ExcAVR7.a6	xsd:float
cim:ExcAVR7.k1	xsd:float
cim:ExcAVR7.k3	xsd:float
cim:ExcAVR7.k5	xsd:float
cim:ExcAVR7.t1	xsd:float
cim:ExcAVR7.t2	xsd:float
cim:ExcAVR7.t3	xsd:float
cim:ExcAVR7.t4	xsd:float
cim:ExcAVR7.t5	xsd:float
cim:ExcAVR7.t6	xsd:float
cim:ExcAVR7.vmax1	xsd:float
cim:ExcAVR7.vmax3	xsd:float
cim:ExcAVR7.vmax5	xsd:float
cim:ExcAVR7.vmin1	xsd:float
cim:ExcAVR7.vmin3	xsd:float
cim:ExcAVR7.vmin5	xsd:float
cim:ExcBBC.efdmax	xsd:float
cim:ExcBBC.efdmin	xsd:float
cim:ExcBBC.k	xsd:float
cim:ExcBBC.switch	xsd:boolean
cim:ExcBBC.t1	xsd:float
cim:ExcBBC.t2	xsd:float
cim:ExcBBC.t3	xsd:float
cim:ExcBBC.t4	xsd:float
cim:ExcBBC.vrmax	xsd:float
cim:ExcBBC.vrmin	xsd:float
cim:ExcBBC.xe	xsd:float
cim:ExcCZ.efdmax	xsd:float
cim:ExcCZ.efdmin	xsd:float
cim:ExcCZ.ka	xsd:float
cim:ExcCZ.ke	xsd:float
cim:ExcCZ.kp	xsd:float
cim:ExcCZ.ta	xsd:float
cim:ExcCZ.tc	xsd:float
cim:ExcCZ.te	xsd:float
cim:ExcCZ.vrmax	xsd:float
cim:ExcCZ.vrmin	xsd:float
cim:ExcDC1A.efd1	xsd:float
cim:ExcDC1A.efd2	xsd:float
cim:ExcDC1A.efdmax	xsd:float
cim:ExcDC1A.efdmin	xsd:float
cim:ExcDC1A.exclim	xsd:boolean
cim:ExcDC1A.ka	xsd:float
cim:ExcDC1A.ke	xsd:float
cim:ExcDC1A.kf	xsd:float
cim:ExcDC1A.ks	xsd:float
cim:ExcDC1A.seefd1	xsd:float
cim:ExcDC1A.seefd2	xsd:float
cim:ExcDC1A.ta	xsd:float
cim:ExcDC1A.tb	xsd:float
cim:ExcDC1A.tc	xsd:float
cim:ExcDC1A.te	xsd:float
cim:ExcDC1A.tf	xsd:float
cim:ExcDC1A.vrmax	xsd:float
cim:ExcDC1A.vrmin	xsd:float
cim:ExcDC2A.efd1	xsd:float
cim:ExcDC2A.efd2	xsd:float
cim:ExcDC2A.exclim	xsd:boolean
cim:ExcDC2A.ka	xsd:float
cim:ExcDC2A.ke	xsd:float
cim:ExcDC2A.kf	xsd:float
cim:ExcDC2A.ks	xsd:float
cim:ExcDC2A.seefd1	xsd:float
cim:ExcDC2A.seefd2	xsd:float
cim:ExcDC2A.ta	xsd:float
cim:ExcDC2A.tb	xsd:float
cim:ExcDC2A.tc	xsd:float
cim:ExcDC2A.te	xsd:float
cim:ExcDC2A.tf	xsd:float
cim:ExcDC2A.tf1	xsd:float
cim:ExcDC2A.vrmax	xsd:float
cim:ExcDC2A.vrmin	xsd:float
cim:ExcDC2A.vtlim	xsd:boolean
cim:ExcDC3A.efd1	xsd:float
cim:ExcDC3A.efd2	xsd:float
cim:ExcDC3A.efdlim	xsd:boolean
cim:ExcDC3A.efdmax	xsd:float
cim:ExcDC3A.efdmin	xsd:float
cim:ExcDC3A.exclim	xsd:boolean
cim:ExcDC3A.ke	xsd:float
cim:ExcDC3A.kr	xsd:float
cim:ExcDC3A.ks	xsd:float
cim:ExcDC3A.kv	xsd:float
cim:ExcDC3A.seefd1	xsd:float
cim:ExcDC3A.seefd2	xsd:float
cim:ExcDC3A.te	xsd:float
cim:ExcDC3A.trh	xsd:float
cim:ExcDC3A.vrmax	xsd:float
cim:ExcDC3A.vrmin	xsd:float
cim:ExcDC3A1.exclim	xsd:boolean
cim:ExcDC3A1.ka	xsd:float
cim:ExcDC3A1.ke	xsd:float
cim:ExcDC3A1.kf	xsd:float
cim:ExcDC3A1.ki	xsd:float
cim:ExcDC3A1.kp	xsd:float
cim:ExcDC3A1.ta	xsd:float
cim:ExcDC3A1.te	xsd:float
cim:ExcDC3A1.tf	xsd:float
cim:ExcDC3A1.vb1max	xsd:float
cim:ExcDC3A1.vblim	xsd:boolean
cim:ExcDC3A1.vbmax	xsd:float
cim:ExcDC3A1.vrmax	xsd:float
cim:ExcDC3A1.vrmin	xsd:float
cim:ExcELIN1.dpnf	xsd:float
cim:ExcELIN1.efmax	xsd:float
cim:ExcELIN1.efmin	xsd:float
cim:ExcELIN1.ks1	xsd:float
cim:ExcELIN1.ks2	xsd:float
cim:ExcELIN1.smax	xsd:float
cim:ExcELIN1.tfi	xsd:float
cim:ExcELIN1.tnu	xsd:float
cim:ExcELIN1.ts1	xsd:float
cim:ExcELIN1.ts2	xsd:float
cim:ExcELIN1.tsw	xsd:float
cim:ExcELIN1.vpi	xsd:float
cim:ExcELIN1.vpnf	xsd:float
cim:ExcELIN1.vpu	xsd:float
cim:ExcELIN1.xe	xsd:float
cim:ExcELIN2.efdbas	xsd:float
cim:ExcELIN2.iefmax	xsd:float
cim:ExcELIN2.iefmax2	xsd:float
cim:ExcELIN2.iefmin	xsd:float
cim:ExcELIN2.k1	xsd:float
cim:ExcELIN2.k1ec	xsd:float
cim:ExcELIN2.k2	xsd:float
cim:ExcELIN2.k3	xsd:float
cim:ExcELIN2.k4	xsd:float
cim:ExcELIN2.kd1	xsd:float
cim:ExcELIN2.ke2	xsd:float
cim:ExcELIN2.ketb	xsd:float
cim:ExcELIN2.pid1max	xsd:float
cim:ExcELIN2.seve1	xsd:float
cim:ExcELIN2.seve2	xsd:float
cim:ExcELIN2.tb1	xsd:float
cim:ExcELIN2.te	xsd:float
cim:ExcELIN2.te2	xsd:float
cim:ExcELIN2.ti1	xsd:float
cim:ExcELIN2.ti3	xsd:float
cim:ExcELIN2.ti4	xsd:float
cim:ExcELIN2.tr4	xsd:float
cim:ExcELIN2.upmax	xsd:float
cim:ExcELIN2.upmin	xsd:float
cim:ExcELIN2.ve1	xsd:float
cim:ExcELIN2.ve2	xsd:float
cim:ExcELIN2.xp	xsd:float
cim:ExcHU.ae	xsd:float
cim:ExcHU.ai	xsd:float
cim:ExcHU.atr	xsd:float
cim:ExcHU.emax	xsd:float
cim:ExcHU.emin	xsd:float
cim:ExcHU.imax	xsd:float
cim:ExcHU.imin	xsd:float
cim:ExcHU.ke	xsd:float
cim:ExcHU.ki	xsd:float
cim:ExcHU.te	xsd:float
cim:ExcHU.ti	xsd:float
cim:ExcHU.tr	xsd:float
cim:ExcIEEEAC1A.ka	xsd:float
cim:ExcIEEEAC1A.kc	xsd:float
cim:ExcIEEEAC1A.kd	xsd:float
cim:ExcIEEEAC1A.ke	xsd:float
cim:ExcIEEEAC1A.kf	xsd:float
cim:ExcIEEEAC1A.seve1	xsd:float
cim:ExcIEEEAC1A.seve2	xsd:float
cim:ExcIEEEAC1A.ta	xsd:float
cim:ExcIEEEAC1A.tb	xsd:float
cim:ExcIEEEAC1A.tc	xsd:float
cim:ExcIEEEAC1A.te	xsd:float
cim:ExcIEEEAC1A.tf	xsd:float
cim:ExcIEEEAC1A.vamax	xsd:float
cim:ExcIEEEAC1A.vamin	xsd:float
cim:ExcIEEEAC1A.ve1	xsd:float
cim:ExcIEEEAC1A.ve2	xsd:float
cim:ExcIEEEAC1A.vrmax	xsd:float
cim:ExcIEEEAC1A.vrmin	xsd:float
cim:ExcIEEEAC2A.ka	xsd:float
cim:ExcIEEEAC2A.kb	xsd:float
cim:ExcIEEEAC2A.kc	xsd:float
cim:ExcIEEEAC2A.kd	xsd:float
cim:ExcIEEEAC2A.ke	xsd:float
cim:ExcIEEEAC2A.kf	xsd:float
cim:ExcIEEEAC2A.kh	xsd:float
cim:ExcIEEEAC2A.seve1	xsd:float
cim:ExcIEEEAC2A.seve2	xsd:float
cim:ExcIEEEAC2A.ta	xsd:float
cim:ExcIEEEAC2A.tb	xsd:float
cim:ExcIEEEAC2A.tc	xsd:float
cim:ExcIEEEAC2A.te	xsd:float
cim:ExcIEEEAC2A.tf	xsd:float
cim:ExcIEEEAC2A.vamax	xsd:float
cim:ExcIEEEAC2A.vamin	xsd:float
cim:ExcIEEEAC2A.ve1	xsd:float
cim:ExcIEEEAC2A.ve2	xsd:float
cim:ExcIEEEAC2A.vfemax	xsd:float
cim:ExcIEEEAC2A.vrmax	xsd:float
cim:ExcIEEEAC2A.vrmin	xsd:float
cim:ExcIEEEAC3A.efdn	xsd:float
cim:ExcIEEEAC3A.ka	xsd:float
cim:ExcIEEEAC3A.kc	xsd:float
cim:ExcIEEEAC3A.kd	xsd:float
cim:ExcIEEEAC3A.ke	xsd:float
cim:ExcIEEEAC3A.kf	xsd:float
cim:ExcIEEEAC3A.kn	xsd:float
cim:ExcIEEEAC3A.kr	xsd:float
cim:ExcIEEEAC3A.seve1	xsd:float
cim:ExcIEEEAC3A.seve2	xsd:float
cim:ExcIEEEAC3A.ta	xsd:float
cim:ExcIEEEAC3A.tb	xsd:float
cim:ExcIEEEAC3A.tc	xsd:float
cim:ExcIEEEAC3A.te	xsd:float
cim:ExcIEEEAC3A.tf	xsd:float
cim:ExcIEEEAC3A.vamax	xsd:float
cim:ExcIEEEAC3A.vamin	xsd:float
cim:ExcIEEEAC3A.ve1	xsd:float
cim:ExcIEEEAC3A.ve2	xsd:float
cim:ExcIEEEAC3A.vemin	xsd:float
cim:ExcIEEEAC3A.vfemax	xsd:float
cim:ExcIEEEAC4A.ka	xsd:float
cim:ExcIEEEAC4A.kc	xsd:float
cim:ExcIEEEAC4A.ta	xsd:float
cim:ExcIEEEAC4A.tb	xsd:float
cim:ExcIEEEAC4A.tc	xsd:float
cim:ExcIEEEAC4A.vimax	xsd:float
cim:ExcIEEEAC4A.vimin	xsd:float
cim:ExcIEEEAC4A.vrmax	xsd:float
cim:ExcIEEEAC4A.vrmin	xsd:float
cim:ExcIEEEAC5A.efd1	xsd:float
cim:ExcIEEEAC5A.efd2	xsd:float
cim:ExcIEEEAC5A.ka	xsd:float
cim:ExcIEEEAC5A.ke	xsd:float
cim:ExcIEEEAC5A.kf	xsd:float
cim:ExcIEEEAC5A.seefd1	xsd:float
cim:ExcIEEEAC5A.seefd2	xsd:float
cim:ExcIEEEAC5A.ta	xsd:float
cim:ExcIEEEAC5A.te	xsd:float
cim:ExcIEEEAC5A.tf1	xsd:float
cim:ExcIEEEAC5A.tf2	xsd:float
cim:ExcIEEEAC5A.tf3	xsd:float
cim:ExcIEEEAC5A.vrmax	xsd:float
cim:ExcIEEEAC5A.vrmin	xsd:float
cim:ExcIEEEAC6A.ka	xsd:float
cim:ExcIEEEAC6A.kc	xsd:float
cim:ExcIEEEAC6A.kd	xsd:float
cim:ExcIEEEAC6A.ke	xsd:float
cim:ExcIEEEAC6A.kh	xsd:float
cim:ExcIEEEAC6A.seve1	xsd:float
cim:ExcIEEEAC6A.seve2	xsd:float
cim:ExcIEEEAC6A.ta	xsd:float
cim:ExcIEEEAC6A.tb	xsd:float
cim:ExcIEEEAC6A.tc	xsd:float
cim:ExcIEEEAC6A.te	xsd:float
cim:ExcIEEEAC6A.th	xsd:float
cim:ExcIEEEAC6A.tj	xsd:float
cim:ExcIEEEAC6A.tk	xsd:float
cim:ExcIEEEAC6A.vamax	xsd:float
cim:ExcIEEEAC6A.vamin	xsd:float
cim:ExcIEEEAC6A.ve1	xsd:float
cim:ExcIEEEAC6A.ve2	xsd:float
cim:ExcIEEEAC6A.vfelim	xsd:float
cim:ExcIEEEAC6A.vhmax	xsd:float
cim:ExcIEEEAC6A.vrmax	xsd:float
cim:ExcIEEEAC6A.vrmin	xsd:float
cim:ExcIEEEAC7B.kc	xsd:float
cim:ExcIEEEAC7B.kd	xsd:float
cim:ExcIEEEAC7B.kdr	xsd:float
cim:ExcIEEEAC7B.ke	xsd:float
cim:ExcIEEEAC7B.kf1	xsd:float
cim:ExcIEEEAC7B.kf2	xsd:float
cim:ExcIEEEAC7B.kf3	xsd:float
cim:ExcIEEEAC7B.kia	xsd:float
cim:ExcIEEEAC7B.kir	xsd:float
cim:ExcIEEEAC7B.kl	xsd:float
cim:ExcIEEEAC7B.kp	xsd:float
cim:ExcIEEEAC7B.kpa	xsd:float
cim:ExcIEEEAC7B.kpr	xsd:float
cim:ExcIEEEAC7B.seve1	xsd:float
cim:ExcIEEEAC7B.seve2	xsd:float
cim:ExcIEEEAC7B.tdr	xsd:float
cim:ExcIEEEAC7B.te	xsd:float
cim:ExcIEEEAC7B.tf	xsd:float
cim:ExcIEEEAC7B.vamax	xsd:float
cim:ExcIEEEAC7B.vamin	xsd:float
cim:ExcIEEEAC7B.ve1	xsd:float
cim:ExcIEEEAC7B.ve2	xsd:float
cim:ExcIEEEAC7B.vemin	xsd:float
cim:ExcIEEEAC7B.vfemax	xsd:float
cim:ExcIEEEAC7B.vrmax	xsd:float
cim:ExcIEEEAC7B.vrmin	xsd:float
cim:ExcIEEEAC8B.ka	xsd:float
cim:ExcIEEEAC8B.kc	xsd:float
cim:ExcIEEEAC8B.kd	xsd:float
cim:ExcIEEEAC8B.kdr	xsd:float
cim:ExcIEEEAC8B.ke	xsd:float
cim:ExcIEEEAC8B.kir	xsd:float
cim:ExcIEEEAC8B.kpr	xsd:float
cim:ExcIEEEAC8B.seve1	xsd:float
cim:ExcIEEEAC8B.seve2	xsd:float
cim:ExcIEEEAC8B.ta	xsd:float
cim:ExcIEEEAC8B.tdr	xsd:float
cim:ExcIEEEAC8B.te	xsd:float
cim:ExcIEEEAC8B.ve1	xsd:float
cim:ExcIEEEAC8B.ve2	xsd:float
cim:ExcIEEEAC8B.vemin	xsd:float
cim:ExcIEEEAC8B.vfemax	xsd:float
cim:ExcIEEEAC8B.vrmax	xsd:float
cim:ExcIEEEAC8B.vrmin	xsd:float
cim:ExcIEEEDC1A.efd1	xsd:float
cim:ExcIEEEDC1A.efd2	xsd:float
cim:ExcIEEEDC1A.exclim	xsd:boolean
cim:ExcIEEEDC1A.ka	xsd:float
cim:ExcIEEEDC1A.ke	xsd:float
cim:ExcIEEEDC1A.kf	xsd:float
cim:ExcIEEEDC1A.seefd1	xsd:float
cim:ExcIEEEDC1A.seefd2	xsd:float
cim:ExcIEEEDC1A.ta	xsd:float
cim:ExcIEEEDC1A.tb	xsd:float
cim:ExcIEEEDC1A.tc	xsd:float
cim:ExcIEEEDC1A.te	xsd:float
cim:ExcIEEEDC1A.tf	xsd:float
cim:ExcIEEEDC1A.uelin	xsd:boolean
cim:ExcIEEEDC1A.vrmax	xsd:float
cim:ExcIEEEDC1A.vrmin	xsd:float
cim:ExcIEEEDC2A.efd1	xsd:float
cim:ExcIEEEDC2A.efd2	xsd:float
cim:ExcIEEEDC2A.exclim	xsd:float
cim:ExcIEEEDC2A.ka	xsd:float
cim:ExcIEEEDC2A.ke	xsd:float
cim:ExcIEEEDC2A.kf	xsd:float
cim:ExcIEEEDC2A.seefd1	xsd:float
cim:ExcIEEEDC2A.seefd2	xsd:float
cim:ExcIEEEDC2A.ta	xsd:float
cim:ExcIEEEDC2A.tb	xsd:float
cim:ExcIEEEDC2A.tc	xsd:float
cim:ExcIEEEDC2A.te	xsd:float
cim:ExcIEEEDC2A.tf	xsd:float
cim:ExcIEEEDC2A.uelin	xsd:boolean
cim:ExcIEEEDC2A.vrmax	xsd:float
cim:ExcIEEEDC2A.vrmin	xsd:float
cim:ExcIEEEDC3A.efd1	xsd:float
cim:ExcIEEEDC3A.efd2	xsd:float
cim:ExcIEEEDC3A.exclim	xsd:boolean
cim:ExcIEEEDC3A.ke	xsd:float
cim:ExcIEEEDC3A.kv	xsd:float
cim:ExcIEEEDC3A.seefd1	xsd:float
cim:ExcIEEEDC3A.seefd2	xsd:float
cim:ExcIEEEDC3A.te	xsd:float
cim:ExcIEEEDC3A.trh	xsd:float
cim:ExcIEEEDC3A.vrmax	xsd:float
cim:ExcIEEEDC3A.vrmin	xsd:float
cim:ExcIEEEDC4B.efd1	xsd:float
cim:ExcIEEEDC4B.efd2	xsd:float
cim:ExcIEEEDC4B.ka	xsd:float
cim:ExcIEEEDC4B.kd	xsd:float
cim:ExcIEEEDC4B.ke	xsd:float
cim:ExcIEEEDC4B.kf	xsd:float
cim:ExcIEEEDC4B.ki	xsd:float
cim:ExcIEEEDC4B.kp	xsd:float
cim:ExcIEEEDC4B.oelin	xsd:boolean
cim:ExcIEEEDC4B.seefd1	xsd:float
cim:ExcIEEEDC4B.seefd2	xsd:float
cim:ExcIEEEDC4B.ta	xsd:float
cim:ExcIEEEDC4B.td	xsd:float
cim:ExcIEEEDC4B.te	xsd:float
cim:ExcIEEEDC4B.tf	xsd:float
cim:ExcIEEEDC4B.uelin	xsd:boolean
cim:ExcIEEEDC4B.vemin	xsd:float
cim:ExcIEEEDC4B.vrmax	xsd:float
cim:ExcIEEEDC4B.vrmin	xsd:float
cim:ExcIEEEST1A.ilr	xsd:float
cim:ExcIEEEST1A.ka	xsd:float
cim:ExcIEEEST1A.kc	xsd:float
cim:ExcIEEEST1A.kf	xsd:float
cim:ExcIEEEST1A.klr	xsd:float
cim:ExcIEEEST1A.pssin	xsd:boolean
cim:ExcIEEEST1A.ta	xsd:float
cim:ExcIEEEST1A.tb	xsd:float
cim:ExcIEEEST1A.tb1	xsd:float
cim:ExcIEEEST1A.tc	xsd:float
cim:ExcIEEEST1A.tc1	xsd:float
cim:ExcIEEEST1A.tf	xsd:float
cim:ExcIEEEST1A.vamax	xsd:float
cim:ExcIEEEST1A.vamin	xsd:float
cim:ExcIEEEST1A.vimax	xsd:float
cim:ExcIEEEST1A.vimin	xsd:float
cim:ExcIEEEST1A.vrmax	xsd:float
cim:ExcIEEEST1A.vrmin	xsd:float
cim:ExcIEEEST2A.efdmax	xsd:float
cim:ExcIEEEST2A.ka	xsd:float
cim:ExcIEEEST2A.kc	xsd:float
cim:ExcIEEEST2A.ke	xsd:float
cim:ExcIEEEST2A.kf	xsd:float
cim:ExcIEEEST2A.ki	xsd:float
cim:ExcIEEEST2A.kp	xsd:float
cim:ExcIEEEST2A.ta	xsd:float
cim:ExcIEEEST2A.te	xsd:float
cim:ExcIEEEST2A.tf	xsd:float
cim:ExcIEEEST2A.uelin	xsd:boolean
cim:ExcIEEEST2A.vrmax	xsd:float
cim:ExcIEEEST2A.vrmin	xsd:float
cim:ExcIEEEST3A.ka	xsd:float
cim:ExcIEEEST3A.kc	xsd:float
cim:ExcIEEEST3A.kg	xsd:float
cim:ExcIEEEST3A.ki	xsd:float
cim:ExcIEEEST3A.km	xsd:float
cim:ExcIEEEST3A.kp	xsd:float
cim:ExcIEEEST3A.ta	xsd:float
cim:ExcIEEEST3A.tb	xsd:float
cim:ExcIEEEST3A.tc	xsd:float
cim:ExcIEEEST3A.thetap	xsd:float
cim:ExcIEEEST3A.tm	xsd:float
cim:ExcIEEEST3A.vbmax	xsd:float
cim:ExcIEEEST3A.vgmax	xsd:float
cim:ExcIEEEST3A.vimax	xsd:float
cim:ExcIEEEST3A.vimin	xsd:float
cim:ExcIEEEST3A.vmmax	xsd:float
cim:ExcIEEEST3A.vmmin	xsd:float
cim:ExcIEEEST3A.vrmax	xsd:float
cim:ExcIEEEST3A.vrmin	xsd:float
cim:ExcIEEEST3A.xl	xsd:float
cim:ExcIEEEST4B.kc	xsd:float
cim:ExcIEEEST4B.kg	xsd:float
cim:ExcIEEEST4B.ki	xsd:float
cim:ExcIEEEST4B.kim	xsd:float
cim:ExcIEEEST4B.kir	xsd:float
cim:ExcIEEEST4B.kp	xsd:float
cim:ExcIEEEST4B.kpm	xsd:float
cim:ExcIEEEST4B.kpr	xsd:float
cim:ExcIEEEST4B.ta	xsd:float
cim:ExcIEEEST4B.thetap	xsd:float
cim:ExcIEEEST4B.vbmax	xsd:float
cim:ExcIEEEST4B.vmmax	xsd:float
cim:ExcIEEEST4B.vmmin	xsd:float
cim:ExcIEEEST4B.vrmax	xsd:float
cim:ExcIEEEST4B.vrmin	xsd:float
cim:ExcIEEEST4B.xl	xsd:float
cim:ExcIEEEST5B.kc	xsd:float
cim:ExcIEEEST5B.kr	xsd:float
cim:ExcIEEEST5B.t1	xsd:float
cim:ExcIEEEST5B.tb1	xsd:float
cim:ExcIEEEST5B.tb2	xsd:float
cim:ExcIEEEST5B.tc1	xsd:float
cim:ExcIEEEST5B.tc2	xsd:float
cim:ExcIEEEST5B.tob1	xsd:float
cim:ExcIEEEST5B.tob2	xsd:float
cim:ExcIEEEST5B.toc1	xsd:float
cim:ExcIEEEST5B.toc2	xsd:float
cim:ExcIEEEST5B.tub1	xsd:float
cim:ExcIEEEST5B.tub2	xsd:float
cim:ExcIEEEST5B.tuc1	xsd:float
cim:ExcIEEEST5B.tuc2	xsd:float
cim:ExcIEEEST5B.vrmax	xsd:float
cim:ExcIEEEST5B.vrmin	xsd:float
cim:ExcIEEEST6B.ilr	xsd:float
cim:ExcIEEEST6B.kci	xsd:float
cim:ExcIEEEST6B.kff	xsd:float
cim:ExcIEEEST6B.kg	xsd:float
cim:ExcIEEEST6B.kia	xsd:float
cim:ExcIEEEST6B.klr	xsd:float
cim:ExcIEEEST6B.km	xsd:float
cim:ExcIEEEST6B.kpa	xsd:float
cim:ExcIEEEST6B.tg	xsd:float
cim:ExcIEEEST6B.vamax	xsd:float
cim:ExcIEEEST6B.vamin	xsd:float
cim:ExcIEEEST6B.vrmax	xsd:float
cim:ExcIEEEST6B.vrmin	xsd:float
cim:ExcIEEEST7B.kh	xsd:float
cim:ExcIEEEST7B.kia	xsd:float
cim:ExcIEEEST7B.kl	xsd:float
cim:ExcIEEEST7B.kpa	xsd:float
cim:ExcIEEEST7B.tb	xsd:float
cim:ExcIEEEST7B.tc	xsd:float
cim:ExcIEEEST7B.tf	xsd:float
cim:ExcIEEEST7B.tg	xsd:float
cim:ExcIEEEST7B.tia	xsd:float
cim:ExcIEEEST7B.vmax	xsd:float
cim:ExcIEEEST7B.vmin	xsd:float
cim:ExcIEEEST7B.vrmax	xsd:float
cim:ExcIEEEST7B.vrmin	xsd:float
cim:ExcNI.busFedSelector	xsd:boolean
cim:ExcNI.ka	xsd:float
cim:ExcNI.kf	xsd:float
cim:ExcNI.r	xsd:float
cim:ExcNI.ta	xsd:float
cim:ExcNI.tf1	xsd:float
cim:ExcNI.tf2	xsd:float
cim:ExcNI.tr	xsd:float
cim:ExcNI.vrmax	xsd:float
cim:ExcNI.vrmin	xsd:float
cim:ExcOEX3T.e1	xsd:float
cim:ExcOEX3T.e2	xsd:float
cim:ExcOEX3T.ka	xsd:float
cim:ExcOEX3T.kc	xsd:float
cim:ExcOEX3T.kd	xsd:float
cim:ExcOEX3T.ke	xsd:float
cim:ExcOEX3T.kf	xsd:float
cim:ExcOEX3T.see1	xsd:float
cim:ExcOEX3T.see2	xsd:float
cim:ExcOEX3T.t1	xsd:float
cim:ExcOEX3T.t2	xsd:float
cim:ExcOEX3T.t3	xsd:float
cim:ExcOEX3T.t4	xsd:float
cim:ExcOEX3T.t5	xsd:float
cim:ExcOEX3T.t6	xsd:float
cim:ExcOEX3T.te	xsd:float
cim:ExcOEX3T.tf	xsd:float
cim:ExcOEX3T.vrmax	xsd:float
cim:ExcOEX3T.vrmin	xsd:float
cim:ExcPIC.e1	xsd:float
cim:ExcPIC.e2	xsd:float
cim:ExcPIC.efdmax	xsd:float
cim:ExcPIC.efdmin	xsd:float
cim:ExcPIC.ka	xsd:float
cim:ExcPIC.kc	xsd:float
cim:ExcPIC.ke	xsd:float
cim:ExcPIC.kf	xsd:float
cim:ExcPIC.ki	xsd:float
cim:ExcPIC.kp	xsd:float
cim:ExcPIC.se1	xsd:float
cim:ExcPIC.se2	xsd:float
cim:ExcPIC.ta1	xsd:float
cim:ExcPIC.ta2	xsd:float
cim:ExcPIC.ta3	xsd:float
cim:ExcPIC.ta4	xsd:float
cim:ExcPIC.te	xsd:float
cim:ExcPIC.tf1	xsd:float
cim:ExcPIC.tf2	xsd:float
cim:ExcPIC.vr1	xsd:float
cim:ExcPIC.vr2	xsd:float
cim:ExcPIC.vrmax	xsd:float
cim:ExcPIC.vrmin	xsd:float
cim:ExcREXS.e1	xsd:float
cim:ExcREXS.e2	xsd:float
cim:ExcREXS.flimf	xsd:float
cim:ExcREXS.kc	xsd:float
cim:ExcREXS.kd	xsd:float
cim:ExcREXS.ke	xsd:float
cim:ExcREXS.kefd	xsd:float
cim:ExcREXS.kf	xsd:float
cim:ExcREXS.kh	xsd:float
cim:ExcREXS.kii	xsd:float
cim:ExcREXS.kip	xsd:float
cim:ExcREXS.ks	xsd:float
cim:ExcREXS.kvi	xsd:float
cim:ExcREXS.kvp	xsd:float
cim:ExcREXS.kvphz	xsd:float
cim:ExcREXS.nvphz	xsd:float
cim:ExcREXS.se1	xsd:float
cim:ExcREXS.se2	xsd:float
cim:ExcREXS.ta	xsd:float
cim:ExcREXS.tb1	xsd:float
cim:ExcREXS.tb2	xsd:float
cim:ExcREXS.tc1	xsd:float
cim:ExcREXS.tc2	xsd:float
cim:ExcREXS.te	xsd:float
cim:ExcREXS.tf	xsd:float
cim:ExcREXS.tf1	xsd:float
cim:ExcREXS.tf2	xsd:float
cim:ExcREXS.tp	xsd:float
cim:ExcREXS.vcmax	xsd:float
cim:ExcREXS.vfmax	xsd:float
cim:ExcREXS.vfmin	xsd:float
cim:ExcREXS.vimax	xsd:float
cim:ExcREXS.vrmax	xsd:float
cim:ExcREXS.vrmin	xsd:float
cim:ExcREXS.xc	xsd:float
cim:ExcRQB.ki0	xsd:float
cim:ExcRQB.ki1	xsd:float
cim:ExcRQB.klir	xsd:float
cim:ExcRQB.klus	xsd:float
cim:ExcRQB.lsat	xsd:float
cim:ExcRQB.lus	xsd:float
cim:ExcRQB.mesu	xsd:float
cim:ExcRQB.t4m	xsd:float
cim:ExcRQB.tc	xsd:float
cim:ExcRQB.te	xsd:float
cim:ExcRQB.tf	xsd:float
cim:ExcRQB.ucmax	xsd:float
cim:ExcRQB.ucmin	xsd:float
cim:ExcSCRX.cswitch	xsd:boolean
cim:ExcSCRX.emax	xsd:float
cim:ExcSCRX.emin	xsd:float
cim:ExcSCRX.k	xsd:float
cim:ExcSCRX.rcrfd	xsd:float
cim:ExcSCRX.tatb	xsd:float
cim:ExcSCRX.tb	xsd:float
cim:ExcSCRX.te	xsd:float
cim:ExcSEXS.efdmax	xsd:float
cim:ExcSEXS.efdmin	xsd:float
cim:ExcSEXS.emax	xsd:float
cim:ExcSEXS.emin	xsd:float
cim:ExcSEXS.k	xsd:float
cim:ExcSEXS.kc	xsd:float
cim:ExcSEXS.tatb	xsd:float
cim:ExcSEXS.tb	xsd:float
cim:ExcSEXS.tc	xsd:float
cim:ExcSEXS.te	xsd:float
cim:ExcSK.efdmax	xsd:float
cim:ExcSK.efdmin	xsd:float
cim:ExcSK.emax	xsd:float
cim:ExcSK.emin	xsd:float
cim:ExcSK.k	xsd:float
cim:ExcSK.k1	xsd:float
cim:ExcSK.k2	xsd:float
cim:ExcSK.kc	xsd:float
cim:ExcSK.kce	xsd:float
cim:ExcSK.kd	xsd:float
cim:ExcSK.kgob	xsd:float
cim:ExcSK.kp	xsd:float
cim:ExcSK.kqi	xsd:float
cim:ExcSK.kqob	xsd:float
cim:ExcSK.kqp	xsd:float
cim:ExcSK.nq	xsd:float
cim:ExcSK.qconoff	xsd:boolean
cim:ExcSK.qz	xsd:float
cim:ExcSK.remote	xsd:boolean
cim:ExcSK.sbase	xsd:float
cim:ExcSK.tc	xsd:float
cim:ExcSK.te	xsd:float
cim:ExcSK.ti	xsd:float
cim:ExcSK.tp	xsd:float
cim:ExcSK.tr	xsd:float
cim:ExcSK.uimax	xsd:float
cim:ExcSK.uimin	xsd:float
cim:ExcSK.urmax	xsd:float
cim:ExcSK.urmin	xsd:float
cim:ExcSK.vtmax	xsd:float
cim:ExcSK.vtmin	xsd:float
cim:ExcSK.yp	xsd:float
cim:ExcST1A.ilr	xsd:float
cim:ExcST1A.ka	xsd:float
cim:ExcST1A.kc	xsd:float
cim:ExcST1A.kf	xsd:float
cim:ExcST1A.klr	xsd:float
cim:ExcST1A.ta	xsd:float
cim:ExcST1A.tb	xsd:float
cim:ExcST1A.tb1	xsd:float
cim:ExcST1A.tc	xsd:float
cim:ExcST1A.tc1	xsd:float
cim:ExcST1A.tf	xsd:float
cim:ExcST1A.vamax	xsd:float
cim:ExcST1A.vamin	xsd:float
cim:ExcST1A.vimax	xsd:float
cim:ExcST1A.vimin	xsd:float
cim:ExcST1A.vrmax	xsd:float
cim:ExcST1A.vrmin	xsd:float
cim:ExcST1A.xe	xsd:float
cim:ExcST2A.efdmax	xsd:float
cim:ExcST2A.ka	xsd:float
cim:ExcST2A.kc	xsd:float
cim:ExcST2A.ke	xsd:float
cim:ExcST2A.kf	xsd:float
cim:ExcST2A.ki	xsd:float
cim:ExcST2A.kp	xsd:float
cim:ExcST2A.ta	xsd:float
cim:ExcST2A.tb	xsd:float
cim:ExcST2A.tc	xsd:float
cim:ExcST2A.te	xsd:float
cim:ExcST2A.tf	xsd:float
cim:ExcST2A.uelin	xsd:boolean
cim:ExcST2A.vrmax	xsd:float
cim:ExcST2A.vrmin	xsd:float
cim:ExcST3A.efdmax	xsd:float
cim:ExcST3A.kc	xsd:float
cim:ExcST3A.kg	xsd:float
cim:ExcST3A.ki	xsd:float
cim:ExcST3A.kj	xsd:float
cim:ExcST3A.km	xsd:float
cim:ExcST3A.kp	xsd:float
cim:ExcST3A.ks	xsd:float
cim:ExcST3A.ks1	xsd:float
cim:ExcST3A.tb	xsd:float
cim:ExcST3A.tc	xsd:float
cim:ExcST3A.thetap	xsd:float
cim:ExcST3A.tm	xsd:float
cim:ExcST3A.vbmax	xsd:float
cim:ExcST3A.vgmax	xsd:float
cim:ExcST3A.vimax	xsd:float
cim:ExcST3A.vimin	xsd:float
cim:ExcST3A.vrmax	xsd:float
cim:ExcST3A.vrmin	xsd:float
cim:ExcST3A.xl	xsd:float
cim:ExcST4B.kc	xsd:float
cim:ExcST4B.kg	xsd:float
cim:ExcST4B.ki	xsd:float
cim:ExcST4B.kim	xsd:float
cim:ExcST4B.kir	xsd:float
cim:ExcST4B.kp	xsd:float
cim:ExcST4B.kpm	xsd:float
cim:ExcST4B.kpr	xsd:float
cim:ExcST4B.lvgate	xsd:boolean
cim:ExcST4B.ta	xsd:float
cim:ExcST4B.thetap	xsd:float
cim:ExcST4B.uel	xsd:boolean
cim:ExcST4B.vbmax	xsd:float
cim:ExcST4B.vgmax	xsd:float
cim:ExcST4B.vmmax	xsd:float
cim:ExcST4B.vmmin	xsd:float
cim:ExcST4B.vrmax	xsd:float
cim:ExcST4B.vrmin	xsd:float
cim:ExcST4B.xl	xsd:float
cim:ExcST6B.ilr	xsd:float
cim:ExcST6B.k1	xsd:boolean
cim:ExcST6B.kcl	xsd:float
cim:ExcST6B.kff	xsd:float
cim:ExcST6B.kg	xsd:float
cim:ExcST6B.kia	xsd:float
cim:ExcST6B.klr	xsd:float
cim:ExcST6B.km	xsd:float
cim:ExcST6B.kpa	xsd:float
cim:ExcST6B.kvd	xsd:float
cim:ExcST6B.tg	xsd:float
cim:ExcST6B.ts	xsd:float
cim:ExcST6B.tvd	xsd:float
cim:ExcST6B.vamax	xsd:float
cim:ExcST6B.vamin	xsd:float
cim:ExcST6B.vilim	xsd:boolean
cim:ExcST6B.vimax	xsd:float
cim:ExcST6B.vimin	xsd:float
cim:ExcST6B.vmult	xsd:boolean
cim:ExcST6B.vrmax	xsd:float
cim:ExcST6B.vrmin	xsd:float
cim:ExcST6B.xc	xsd:float
cim:ExcST7B.kh	xsd:float
cim:ExcST7B.kia	xsd:float
cim:ExcST7B.kl	xsd:float
cim:ExcST7B.kpa	xsd:float
cim:ExcST7B.tb	xsd:float
cim:ExcST7B.tc	xsd:float
cim:ExcST7B.tf	xsd:float
cim:ExcST7B.tg	xsd:float
cim:ExcST7B.tia	xsd:float
cim:ExcST7B.ts	xsd:float
cim:ExcST7B.vmax	xsd:float
cim:ExcST7B.vmin	xsd:float
cim:ExcST7B.vrmax	xsd:float
cim:ExcST7B.vrmin	xsd:float
cim:ExcitationSystemUserDefined.proprietary	xsd:boolean
cim:ExternalNetworkInjection.governorSCD	xsd:float
cim:ExternalNetworkInjection.ikSecond	xsd:boolean
cim:ExternalNetworkInjection.maxInitialSymShCCurrent	xsd:float
cim:ExternalNetworkInjection.maxP	xsd:float
cim:ExternalNetworkInjection.maxQ	xsd:float
cim:ExternalNetworkInjection.maxR0ToX0Ratio	xsd:float
cim:ExternalNetworkInjection.maxR1ToX1Ratio	xsd:float
cim:ExternalNetworkInjection.maxZ0ToZ1Ratio	xsd:float
cim:ExternalNetworkInjection.minInitialSymShCCurrent	xsd:float
cim:ExternalNetworkInjection.minP	xsd:float
cim:ExternalNetworkInjection.minQ	xsd:float
cim:ExternalNetworkInjection.minR0ToX0Ratio	xsd:float
cim:ExternalNetworkInjection.minR1ToX1Ratio	xsd:float
cim:ExternalNetworkInjection.minZ0ToZ1Ratio	xsd:float
cim:ExternalNetworkInjection.p	xsd:float
cim:ExternalNetworkInjection.q	xsd:float
cim:ExternalNetworkInjection.referencePriority	xsd:integer
cim:ExternalNetworkInjection.voltageFactor	xsd:float
cim:GenICompensationForGenJ.rcij	xsd:float
cim:GenICompensationForGenJ.xcij	xsd:float
cim:GeneratingUnit.governorSCD	xsd:float
cim:GeneratingUnit.longPF	xsd:float
cim:GeneratingUnit.maxOperatingP	xsd:float
cim:GeneratingUnit.maximumAllowableSpinningReserve	xsd:float
cim:GeneratingUnit.minOperatingP	xsd:float
cim:GeneratingUnit.nominalP	xsd:float
cim:GeneratingUnit.normalPF	xsd:float
cim:GeneratingUnit.ratedGrossMaxP	xsd:float
cim:GeneratingUnit.ratedGrossMinP	xsd:float
cim:GeneratingUnit.ratedNetMaxP	xsd:float
cim:GeneratingUnit.shortPF	xsd:float
cim:GeneratingUnit.startupCost	xsd:decimal
cim:GeneratingUnit.startupTime	xsd:float
cim:GeneratingUnit.totalEfficiency	xsd:float
cim:GeneratingUnit.variableCost	xsd:decimal
cim:GovCT1.aset	xsd:float
cim:GovCT1.db	xsd:float
cim:GovCT1.dm	xsd:float
cim:GovCT1.ka	xsd:float
cim:GovCT1.kdgov	xsd:float
cim:GovCT1.kigov	xsd:float
cim:GovCT1.kiload	xsd:float
cim:GovCT1.kimw	xsd:float
cim:GovCT1.kpgov	xsd:float
cim:GovCT1.kpload	xsd:float
cim:GovCT1.kturb	xsd:float
cim:GovCT1.ldref	xsd:float
cim:GovCT1.maxerr	xsd:float
cim:GovCT1.minerr	xsd:float
cim:GovCT1.mwbase	xsd:float
cim:GovCT1.r	xsd:float
cim:GovCT1.rclose	xsd:float
cim:GovCT1.rdown	xsd:float
cim:GovCT1.ropen	xsd:float
cim:GovCT1.rup	xsd:float
cim:GovCT1.ta	xsd:float
cim:GovCT1.tact	xsd:float
cim:GovCT1.tb	xsd:float
cim:GovCT1.tc	xsd:float
cim:GovCT1.tdgov	xsd:float
cim:GovCT1.teng	xsd:float
cim:GovCT1.tfload	xsd:float
cim:GovCT1.tpelec	xsd:float
cim:GovCT1.tsa	xsd:float
cim:GovCT1.tsb	xsd:float
cim:GovCT1.vmax	xsd:float
cim:GovCT1.vmin	xsd:float
cim:GovCT1.wfnl	xsd:float
cim:GovCT1.wfspd	xsd:boolean
cim:GovCT2.aset	xsd:float
cim:GovCT2.db	xsd:float
cim:GovCT2.dm	xsd:float
cim:GovCT2.flim1	xsd:float
cim:GovCT2.flim10	xsd:float
cim:GovCT2.flim2	xsd:float
cim:GovCT2.flim3	xsd:float
cim:GovCT2.flim4	xsd:float
cim:GovCT2.flim5	xsd:float
cim:GovCT2.flim6	xsd:float
cim:GovCT2.flim7	xsd:float
cim:GovCT2.flim8	xsd:float
cim:GovCT2.flim9	xsd:float
cim:GovCT2.ka	xsd:float
cim:GovCT2.kdgov	xsd:float
cim:GovCT2.kigov	xsd:float
cim:GovCT2.kiload	xsd:float
cim:GovCT2.kimw	xsd:float
cim:GovCT2.kpgov	xsd:float
cim:GovCT2.kpload	xsd:float
cim:GovCT2.kturb	xsd:float
cim:GovCT2.ldref	xsd:float
cim:GovCT2.maxerr	xsd:float
cim:GovCT2.minerr	xsd:float
cim:GovCT2.mwbase	xsd:float
cim:GovCT2.plim1	xsd:float
cim:GovCT2.plim10	xsd:float
cim:GovCT2.plim2	xsd:float
cim:GovCT2.plim3	xsd:float
cim:GovCT2.plim4	xsd:float
cim:GovCT2.plim5	xsd:float
cim:GovCT2.plim6	xsd:float
cim:GovCT2.plim7	xsd:float
cim:GovCT2.plim8	xsd:float
cim:GovCT2.plim9	xsd:float
cim:GovCT2.prate	xsd:float
cim:GovCT2.r	xsd:float
cim:GovCT2.rclose	xsd:float
cim:GovCT2.rdown	xsd:float
cim:GovCT2.ropen	xsd:float
cim:GovCT2.rup	xsd:float
cim:GovCT2.ta	xsd:float
cim:GovCT2.tact	xsd:float
cim:GovCT2.tb	xsd:float
cim:GovCT2.tc	xsd:float
cim:GovCT2.tdgov	xsd:float
cim:GovCT2.teng	xsd:float
cim:GovCT2.tfload	xsd:float
cim:GovCT2.tpelec	xsd:float
cim:GovCT2.tsa	xsd:float
cim:GovCT2.tsb	xsd:float
cim:GovCT2.vmax	xsd:float
cim:GovCT2.vmin	xsd:float
cim:GovCT2.wfnl	xsd:float
cim:GovCT2.wfspd	xsd:boolean
cim:GovGAST.at	xsd:float
cim:GovGAST.dturb	xsd:float
cim:GovGAST.kt	xsd:float
cim:GovGAST.mwbase	xsd:float
cim:GovGAST.r	xsd:float
cim:GovGAST.t1	xsd:float
cim:GovGAST.t2	xsd:float
cim:GovGAST.t3	xsd:float
cim:GovGAST.vmax	xsd:float
cim:GovGAST.vmin	xsd:float
cim:GovGAST1.a	xsd:float
cim:GovGAST1.b	xsd:float
cim:GovGAST1.db1	xsd:float
cim:GovGAST1.db2	xsd:float
cim:GovGAST1.eps	xsd:float
cim:GovGAST1.fidle	xsd:float
cim:GovGAST1.gv1	xsd:float
cim:GovGAST1.gv2	xsd:float
cim:GovGAST1.gv3	xsd:float
cim:GovGAST1.gv4	xsd:float
cim:GovGAST1.gv5	xsd:float
cim:GovGAST1.gv6	xsd:float
cim:GovGAST1.ka	xsd:float
cim:GovGAST1.kt	xsd:float
cim:GovGAST1.lmax	xsd:float
cim:GovGAST1.loadinc	xsd:float
cim:GovGAST1.ltrate	xsd:float
cim:GovGAST1.mwbase	xsd:float
cim:GovGAST1.pgv1	xsd:float
cim:GovGAST1.pgv2	xsd:float
cim:GovGAST1.pgv3	xsd:float
cim:GovGAST1.pgv4	xsd:float
cim:GovGAST1.pgv5	xsd:float
cim:GovGAST1.pgv6	xsd:float
cim:GovGAST1.r	xsd:float
cim:GovGAST1.rmax	xsd:float
cim:GovGAST1.t1	xsd:float
cim:GovGAST1.t2	xsd:float
cim:GovGAST1.t3	xsd:float
cim:GovGAST1.t4	xsd:float
cim:GovGAST1.t5	xsd:float
cim:GovGAST1.tltr	xsd:float
cim:GovGAST1.vmax	xsd:float
cim:GovGAST1.vmin	xsd:float
cim:GovGAST2.a	xsd:float
cim:GovGAST2.af1	xsd:float
cim:GovGAST2.af2	xsd:float
cim:GovGAST2.b	xsd:float
cim:GovGAST2.bf1	xsd:float
cim:GovGAST2.bf2	xsd:float
cim:GovGAST2.c	xsd:float
cim:GovGAST2.cf2	xsd:float
cim:GovGAST2.ecr	xsd:float
cim:GovGAST2.etd	xsd:float
cim:GovGAST2.k3	xsd:float
cim:GovGAST2.k4	xsd:float
cim:GovGAST2.k5	xsd:float
cim:GovGAST2.k6	xsd:float
cim:GovGAST2.kf	xsd:float
cim:GovGAST2.mwbase	xsd:float
cim:GovGAST2.t	xsd:float
cim:GovGAST2.t3	xsd:float
cim:GovGAST2.t4	xsd:float
cim:GovGAST2.t5	xsd:float
cim:GovGAST2.tc	xsd:float
cim:GovGAST2.tcd	xsd:float
cim:GovGAST2.tf	xsd:float
cim:GovGAST2.tmax	xsd:float
cim:GovGAST2.tmin	xsd:float
cim:GovGAST2.tr	xsd:float
cim:GovGAST2.trate	xsd:float
cim:GovGAST2.tt	xsd:float
cim:GovGAST2.w	xsd:float
cim:GovGAST2.x	xsd:float
cim:GovGAST2.y	xsd:float
cim:GovGAST2.z	xsd:integer
cim:GovGAST3.bca	xsd:float
cim:GovGAST3.bp	xsd:float
cim:GovGAST3.dtc	xsd:float
cim:GovGAST3.ka	xsd:float
cim:GovGAST3.kac	xsd:float
cim:GovGAST3.kca	xsd:float
cim:GovGAST3.ksi	xsd:float
cim:GovGAST3.ky	xsd:float
cim:GovGAST3.mnef	xsd:float
cim:GovGAST3.mxef	xsd:float
cim:GovGAST3.rcmn	xsd:float
cim:GovGAST3.rcmx	xsd:float
cim:GovGAST3.tac	xsd:float
cim:GovGAST3.tc	xsd:float
cim:GovGAST3.td	xsd:float
cim:GovGAST3.tfen	xsd:float
cim:GovGAST3.tg	xsd:float
cim:GovGAST3.tsi	xsd:float
cim:GovGAST3.tt	xsd:float
cim:GovGAST3.ttc	xsd:float
cim:GovGAST3.ty	xsd:float
cim:GovGAST4.bp	xsd:float
cim:GovGAST4.ktm	xsd:float
cim:GovGAST4.mnef	xsd:float
cim:GovGAST4.mxef	xsd:float
cim:GovGAST4.rymn	xsd:float
cim:GovGAST4.rymx	xsd:float
cim:GovGAST4.ta	xsd:float
cim:GovGAST4.tc	xsd:float
cim:GovGAST4.tcm	xsd:float
cim:GovGAST4.tm	xsd:float
cim:GovGAST4.ty	xsd:float
cim:GovGASTWD.a	xsd:float
cim:GovGASTWD.af1	xsd:float
cim:GovGASTWD.af2	xsd:float
cim:GovGASTWD.b	xsd:float
cim:GovGASTWD.bf1	xsd:float
cim:GovGASTWD.bf2	xsd:float
cim:GovGASTWD.c	xsd:float
cim:GovGASTWD.cf2	xsd:float
cim:GovGASTWD.ecr	xsd:float
cim:GovGASTWD.etd	xsd:float
cim:GovGASTWD.k3	xsd:float
cim:GovGASTWD.k4	xsd:float
cim:GovGASTWD.k5	xsd:float
cim:GovGASTWD.k6	xsd:float
cim:GovGASTWD.kd	xsd:float
cim:GovGASTWD.kdroop	xsd:float
cim:GovGASTWD.kf	xsd:float
cim:GovGASTWD.ki	xsd:float
cim:GovGASTWD.kp	xsd:float
cim:GovGASTWD.mwbase	xsd:float
cim:GovGASTWD.t	xsd:float
cim:GovGASTWD.t3	xsd:float
cim:GovGASTWD.t4	xsd:float
cim:GovGASTWD.t5	xsd:float
cim:GovGASTWD.tc	xsd:float
cim:GovGASTWD.tcd	xsd:float
cim:GovGASTWD.td	xsd:float
cim:GovGASTWD.tf	xsd:float
cim:GovGASTWD.tmax	xsd:float
cim:GovGASTWD.tmin	xsd:float
cim:GovGASTWD.tr	xsd:float
cim:GovGASTWD.trate	xsd:float
cim:GovGASTWD.tt	xsd:float
cim:GovHydro1.at	xsd:float
cim:GovHydro1.dturb	xsd:float
cim:GovHydro1.gmax	xsd:float
cim:GovHydro1.gmin	xsd:float
cim:GovHydro1.hdam	xsd:float
cim:GovHydro1.mwbase	xsd:float
cim:GovHydro1.qnl	xsd:float
cim:GovHydro1.rperm	xsd:float
cim:GovHydro1.rtemp	xsd:float
cim:GovHydro1.tf	xsd:float
cim:GovHydro1.tg	xsd:float
cim:GovHydro1.tr	xsd:float
cim:GovHydro1.tw	xsd:float
cim:GovHydro1.velm	xsd:float
cim:GovHydro2.aturb	xsd:float
cim:GovHydro2.bturb	xsd:float
cim:GovHydro2.db1	xsd:float
cim:GovHydro2.db2	xsd:float
cim:GovHydro2.eps	xsd:float
cim:GovHydro2.gv1	xsd:float
cim:GovHydro2.gv2	xsd:float
cim:GovHydro2.gv3	xsd:float
cim:GovHydro2.gv4	xsd:float
cim:GovHydro2.gv5	xsd:float
cim:GovHydro2.gv6	xsd:float
cim:GovHydro2.kturb	xsd:float
cim:GovHydro2.mwbase	xsd:float
cim:GovHydro2.pgv1	xsd:float
cim:GovHydro2.pgv2	xsd:float
cim:GovHydro2.pgv3	xsd:float
cim:GovHydro2.pgv4	xsd:float
cim:GovHydro2.pgv5	xsd:float
cim:GovHydro2.pgv6	xsd:float
cim:GovHydro2.pmax	xsd:float
cim:GovHydro2.pmin	xsd:float
cim:GovHydro2.rperm	xsd:float
cim:GovHydro2.rtemp	xsd:float
cim:GovHydro2.tg	xsd:float
cim:GovHydro2.tp	xsd:float
cim:GovHydro2.tr	xsd:float
cim:GovHydro2.tw	xsd:float
cim:GovHydro2.uc	xsd:float
cim:GovHydro2.uo	xsd:float
cim:GovHydro3.at	xsd:float
cim:GovHydro3.db1	xsd:float
cim:GovHydro3.db2	xsd:float
cim:GovHydro3.dturb	xsd:float
cim:GovHydro3.eps	xsd:float
cim:GovHydro3.governorControl	xsd:boolean
cim:GovHydro3.gv1	xsd:float
cim:GovHydro3.gv2	xsd:float
cim:GovHydro3.gv3	xsd:float
cim:GovHydro3.gv4	xsd:float
cim:GovHydro3.gv5	xsd:float
cim:GovHydro3.gv6	xsd:float
cim:GovHydro3.h0	xsd:float
cim:GovHydro3.k1	xsd:float
cim:GovHydro3.k2	xsd:float
cim:GovHydro3.kg	xsd:float
cim:GovHydro3.ki	xsd:float
cim:GovHydro3.mwbase	xsd:float
cim:GovHydro3.pgv1	xsd:float
cim:GovHydro3.pgv2	xsd:float
cim:GovHydro3.pgv3	xsd:float
cim:GovHydro3.pgv4	xsd:float
cim:GovHydro3.pgv5	xsd:float
cim:GovHydro3.pgv6	xsd:float
cim:GovHydro3.pmax	xsd:float
cim:GovHydro3.pmin	xsd:float
cim:GovHydro3.qnl	xsd:float
cim:GovHydro3.relec	xsd:float
cim:GovHydro3.rgate	xsd:float
cim:GovHydro3.td	xsd:float
cim:GovHydro3.tf	xsd:float
cim:GovHydro3.tp	xsd:float
cim:GovHydro3.tt	xsd:float
cim:GovHydro3.tw	xsd:float
cim:GovHydro3.velcl	xsd:float
cim:GovHydro3.velop	xsd:float
cim:GovHydro4.at	xsd:float
cim:GovHydro4.bgv0	xsd:float
cim:GovHydro4.bgv1	xsd:float
cim:GovHydro4.bgv2	xsd:float
cim:GovHydro4.bgv3	xsd:float
cim:GovHydro4.bgv4	xsd:float
cim:GovHydro4.bgv5	xsd:float
cim:GovHydro4.bmax	xsd:float
cim:GovHydro4.db1	xsd:float
cim:GovHydro4.db2	xsd:float
cim:GovHydro4.dturb	xsd:float
cim:GovHydro4.eps	xsd:float
cim:GovHydro4.gmax	xsd:float
cim:GovHydro4.gmin	xsd:float
cim:GovHydro4.gv0	xsd:float
cim:GovHydro4.gv1	xsd:float
cim:GovHydro4.gv2	xsd:float
cim:GovHydro4.gv3	xsd:float
cim:GovHydro4.gv4	xsd:float
cim:GovHydro4.gv5	xsd:float
cim:GovHydro4.hdam	xsd:float
cim:GovHydro4.mwbase	xsd:float
cim:GovHydro4.pgv0	xsd:float
cim:GovHydro4.pgv1	xsd:float
cim:GovHydro4.pgv2	xsd:float
cim:GovHydro4.pgv3	xsd:float
cim:GovHydro4.pgv4	xsd:float
cim:GovHydro4.pgv5	xsd:float
cim:GovHydro4.qnl	xsd:float
cim:GovHydro4.rperm	xsd:float
cim:GovHydro4.rtemp	xsd:float
cim:GovHydro4.tblade	xsd:float
cim:GovHydro4.tg	xsd:float
cim:GovHydro4.tp	xsd:float
cim:GovHydro4.tr	xsd:float
cim:GovHydro4.tw	xsd:float
cim:GovHydro4.uc	xsd:float
cim:GovHydro4.uo	xsd:float
cim:GovHydroDD.aturb	xsd:float
cim:GovHydroDD.bturb	xsd:float
cim:GovHydroDD.db1	xsd:float
cim:GovHydroDD.db2	xsd:float
cim:GovHydroDD.eps	xsd:float
cim:GovHydroDD.gmax	xsd:float
cim:GovHydroDD.gmin	xsd:float
cim:GovHydroDD.gv1	xsd:float
cim:GovHydroDD.gv2	xsd:float
cim:GovHydroDD.gv3	xsd:float
cim:GovHydroDD.gv4	xsd:float
cim:GovHydroDD.gv5	xsd:float
cim:GovHydroDD.gv6	xsd:float
cim:GovHydroDD.inputSignal	xsd:boolean
cim:GovHydroDD.k1	xsd:float
cim:GovHydroDD.k2	xsd:float
cim:GovHydroDD.kg	xsd:float
cim:GovHydroDD.ki	xsd:float
cim:GovHydroDD.mwbase	xsd:float
cim:GovHydroDD.pgv1	xsd:float
cim:GovHydroDD.pgv2	xsd:float
cim:GovHydroDD.pgv3	xsd:float
cim:GovHydroDD.pgv4	xsd:float
cim:GovHydroDD.pgv5	xsd:float
cim:GovHydroDD.pgv6	xsd:float
cim:GovHydroDD.pmax	xsd:float
cim:GovHydroDD.pmin	xsd:float
cim:GovHydroDD.r	xsd:float
cim:GovHydroDD.td	xsd:float
cim:GovHydroDD.tf	xsd:float
cim:GovHydroDD.tp	xsd:float
cim:GovHydroDD.tt	xsd:float
cim:GovHydroDD.tturb	xsd:float
cim:GovHydroDD.velcl	xsd:float
cim:GovHydroDD.velop	xsd:float
cim:GovHydroFrancis.am	xsd:float
cim:GovHydroFrancis.av0	xsd:float
cim:GovHydroFrancis.av1	xsd:float
cim:GovHydroFrancis.bp	xsd:float
cim:GovHydroFrancis.db1	xsd:float
cim:GovHydroFrancis.etamax	xsd:float
cim:GovHydroFrancis.h1	xsd:float
cim:GovHydroFrancis.h2	xsd:float
cim:GovHydroFrancis.hn	xsd:float
cim:GovHydroFrancis.kc	xsd:float
cim:GovHydroFrancis.kg	xsd:float
cim:GovHydroFrancis.kt	xsd:float
cim:GovHydroFrancis.qc0	xsd:float
cim:GovHydroFrancis.qn	xsd:float
cim:GovHydroFrancis.ta	xsd:float
cim:GovHydroFrancis.td	xsd:float
cim:GovHydroFrancis.ts	xsd:float
cim:GovHydroFrancis.twnc	xsd:float
cim:GovHydroFrancis.twng	xsd:float
cim:GovHydroFrancis.tx	xsd:float
cim:GovHydroFrancis.va	xsd:float
cim:GovHydroFrancis.valvmax	xsd:float
cim:GovHydroFrancis.valvmin	xsd:float
cim:GovHydroFrancis.vc	xsd:float
cim:GovHydroFrancis.waterTunnelSurgeChamberSimulation	xsd:boolean
cim:GovHydroFrancis.zsfc	xsd:float
cim:GovHydroIEEE0.k	xsd:float
cim:GovHydroIEEE0.mwbase	xsd:float
cim:GovHydroIEEE0.pmax	xsd:float
cim:GovHydroIEEE0.pmin	xsd:float
cim:GovHydroIEEE0.t1	xsd:float
cim:GovHydroIEEE0.t2	xsd:float
cim:GovHydroIEEE0.t3	xsd:float
cim:GovHydroIEEE0.t4	xsd:float
cim:GovHydroIEEE2.aturb	xsd:float
cim:GovHydroIEEE2.bturb	xsd:float
cim:GovHydroIEEE2.gv1	xsd:float
cim:GovHydroIEEE2.gv2	xsd:float
cim:GovHydroIEEE2.gv3	xsd:float
cim:GovHydroIEEE2.gv4	xsd:float
cim:GovHydroIEEE2.gv5	xsd:float
cim:GovHydroIEEE2.gv6	xsd:float
cim:GovHydroIEEE2.kturb	xsd:float
cim:GovHydroIEEE2.mwbase	xsd:float
cim:GovHydroIEEE2.pgv1	xsd:float
cim:GovHydroIEEE2.pgv2	xsd:float
cim:GovHydroIEEE2.pgv3	xsd:float
cim:GovHydroIEEE2.pgv4	xsd:float
cim:GovHydroIEEE2.pgv5	xsd:float
cim:GovHydroIEEE2.pgv6	xsd:float
cim:GovHydroIEEE2.pmax	xsd:float
cim:GovHydroIEEE2.pmin	xsd:float
cim:GovHydroIEEE2.rperm	xsd:float
cim:GovHydroIEEE2.rtemp	xsd:float
cim:GovHydroIEEE2.tg	xsd:float
cim:GovHydroIEEE2.tp	xsd:float
cim:GovHydroIEEE2.tr	xsd:float
cim:GovHydroIEEE2.tw	xsd:float
cim:GovHydroIEEE2.uc	xsd:float
cim:GovHydroIEEE2.uo	xsd:float
cim:GovHydroPID.aturb	xsd:float
cim:GovHydroPID.bturb	xsd:float
cim:GovHydroPID.db1	xsd:float
cim:GovHydroPID.db2	xsd:float
cim:GovHydroPID.eps	xsd:float
cim:GovHydroPID.gv1	xsd:float
cim:GovHydroPID.gv2	xsd:float
cim:GovHydroPID.gv3	xsd:float
cim:GovHydroPID.gv4	xsd:float
cim:GovHydroPID.gv5	xsd:float
cim:GovHydroPID.gv6	xsd:float
cim:GovHydroPID.inputSignal	xsd:boolean
cim:GovHydroPID.kd	xsd:float
cim:GovHydroPID.kg	xsd:float
cim:GovHydroPID.ki	xsd:float
cim:GovHydroPID.kp	xsd:float
cim:GovHydroPID.mwbase	xsd:float
cim:GovHydroPID.pgv1	xsd:float
cim:GovHydroPID.pgv2	xsd:float
cim:GovHydroPID.pgv3	xsd:float
cim:GovHydroPID.pgv4	xsd:float
cim:GovHydroPID.pgv5	xsd:float
cim:GovHydroPID.pgv6	xsd:float
cim:GovHydroPID.pmax	xsd:float
cim:GovHydroPID.pmin	xsd:float
cim:GovHydroPID.r	xsd:float
cim:GovHydroPID.td	xsd:float
cim:GovHydroPID.tf	xsd:float
cim:GovHydroPID.tp	xsd:float
cim:GovHydroPID.tt	xsd:float
cim:GovHydroPID.tturb	xsd:float
cim:GovHydroPID.velcl	xsd:float
cim:GovHydroPID.velop	xsd:float
cim:GovHydroPID2.atw	xsd:float
cim:GovHydroPID2.d	xsd:float
cim:GovHydroPID2.feedbackSignal	xsd:boolean
cim:GovHydroPID2.g0	xsd:float
cim:GovHydroPID2.g1	xsd:float
cim:GovHydroPID2.g2	xsd:float
cim:GovHydroPID2.gmax	xsd:float
cim:GovHydroPID2.gmin	xsd:float
cim:GovHydroPID2.kd	xsd:float
cim:GovHydroPID2.ki	xsd:float
cim:GovHydroPID2.kp	xsd:float
cim:GovHydroPID2.mwbase	xsd:float
cim:GovHydroPID2.p1	xsd:float
cim:GovHydroPID2.p2	xsd:float
cim:GovHydroPID2.p3	xsd:float
cim:GovHydroPID2.rperm	xsd:float
cim:GovHydroPID2.ta	xsd:float
cim:GovHydroPID2.tb	xsd:float
cim:GovHydroPID2.treg	xsd:float
cim:GovHydroPID2.tw	xsd:float
cim:GovHydroPID2.velmax	xsd:float
cim:GovHydroPID2.velmin	xsd:float
cim:GovHydroPelton.av0	xsd:float
cim:GovHydroPelton.av1	xsd:float
cim:GovHydroPelton.bp	xsd:float
cim:GovHydroPelton.db1	xsd:float
cim:GovHydroPelton.db2	xsd:float
cim:GovHydroPelton.h1	xsd:float
cim:GovHydroPelton.h2	xsd:float
cim:GovHydroPelton.hn	xsd:float
cim:GovHydroPelton.kc	xsd:float
cim:GovHydroPelton.kg	xsd:float
cim:GovHydroPelton.qc0	xsd:float
cim:GovHydroPelton.qn	xsd:float
cim:GovHydroPelton.simplifiedPelton	xsd:boolean
cim:GovHydroPelton.staticCompensating	xsd:boolean
cim:GovHydroPelton.ta	xsd:float
cim:GovHydroPelton.ts	xsd:float
cim:GovHydroPelton.tv	xsd:float
cim:GovHydroPelton.twnc	xsd:float
cim:GovHydroPelton.twng	xsd:float
cim:GovHydroPelton.tx	xsd:float
cim:GovHydroPelton.va	xsd:float
cim:GovHydroPelton.valvmax	xsd:float
cim:GovHydroPelton.valvmin	xsd:float
cim:GovHydroPelton.vav	xsd:float
cim:GovHydroPelton.vc	xsd:float
cim:GovHydroPelton.vcv	xsd:float
cim:GovHydroPelton.waterTunnelSurgeChamberSimulation	xsd:boolean
cim:GovHydroPelton.zsfc	xsd:float
cim:GovHydroR.at	xsd:float
cim:GovHydroR.db1	xsd:float
cim:GovHydroR.db2	xsd:float
cim:GovHydroR.dturb	xsd:float
cim:GovHydroR.eps	xsd:float
cim:GovHydroR.gmax	xsd:float
cim:GovHydroR.gmin	xsd:float
cim:GovHydroR.gv1	xsd:float
cim:GovHydroR.gv2	xsd:float
cim:GovHydroR.gv3	xsd:float
cim:GovHydroR.gv4	xsd:float
cim:GovHydroR.gv5	xsd:float
cim:GovHydroR.gv6	xsd:float
cim:GovHydroR.h0	xsd:float
cim:GovHydroR.inputSignal	xsd:boolean
cim:GovHydroR.kg	xsd:float
cim:GovHydroR.ki	xsd:float
cim:GovHydroR.mwbase	xsd:float
cim:GovHydroR.pgv1	xsd:float
cim:GovHydroR.pgv2	xsd:float
cim:GovHydroR.pgv3	xsd:float
cim:GovHydroR.pgv4	xsd:float
cim:GovHydroR.pgv5	xsd:float
cim:GovHydroR.pgv6	xsd:float
cim:GovHydroR.pmax	xsd:float
cim:GovHydroR.pmin	xsd:float
cim:GovHydroR.qnl	xsd:float
cim:GovHydroR.r	xsd:float
cim:GovHydroR.t1	xsd:float
cim:GovHydroR.t2	xsd:float
cim:GovHydroR.t3	xsd:float
cim:GovHydroR.t4	xsd:float
cim:GovHydroR.t5	xsd:float
cim:GovHydroR.t6	xsd:float
cim:GovHydroR.t7	xsd:float
cim:GovHydroR.t8	xsd:float
cim:GovHydroR.td	xsd:float
cim:GovHydroR.tp	xsd:float
cim:GovHydroR.tt	xsd:float
cim:GovHydroR.tw	xsd:float
cim:GovHydroR.velcl	xsd:float
cim:GovHydroR.velop	xsd:float
cim:GovHydroWEH.db	xsd:float
cim:GovHydroWEH.dicn	xsd:float
cim:GovHydroWEH.dpv	xsd:float
cim:GovHydroWEH.dturb	xsd:float
cim:GovHydroWEH.feedbackSignal	xsd:boolean
cim:GovHydroWEH.fl1	xsd:float
cim:GovHydroWEH.fl2	xsd:float
cim:GovHydroWEH.fl3	xsd:float
cim:GovHydroWEH.fl4	xsd:float
cim:GovHydroWEH.fl5	xsd:float
cim:GovHydroWEH.fp1	xsd:float
cim:GovHydroWEH.fp10	xsd:float
cim:GovHydroWEH.fp2	xsd:float
cim:GovHydroWEH.fp3	xsd:float
cim:GovHydroWEH.fp4	xsd:float
cim:GovHydroWEH.fp5	xsd:float
cim:GovHydroWEH.fp6	xsd:float
cim:GovHydroWEH.fp7	xsd:float
cim:GovHydroWEH.fp8	xsd:float
cim:GovHydroWEH.fp9	xsd:float
cim:GovHydroWEH.gmax	xsd:float
cim:GovHydroWEH.gmin	xsd:float
cim:GovHydroWEH.gtmxcl	xsd:float
cim:GovHydroWEH.gtmxop	xsd:float
cim:GovHydroWEH.gv1	xsd:float
cim:GovHydroWEH.gv2	xsd:float
cim:GovHydroWEH.gv3	xsd:float
cim:GovHydroWEH.gv4	xsd:float
cim:GovHydroWEH.gv5	xsd:float
cim:GovHydroWEH.kd	xsd:float
cim:GovHydroWEH.ki	xsd:float
cim:GovHydroWEH.kp	xsd:float
cim:GovHydroWEH.mwbase	xsd:float
cim:GovHydroWEH.pmss1	xsd:float
cim:GovHydroWEH.pmss10	xsd:float
cim:GovHydroWEH.pmss2	xsd:float
cim:GovHydroWEH.pmss3	xsd:float
cim:GovHydroWEH.pmss4	xsd:float
cim:GovHydroWEH.pmss5	xsd:float
cim:GovHydroWEH.pmss6	xsd:float
cim:GovHydroWEH.pmss7	xsd:float
cim:GovHydroWEH.pmss8	xsd:float
cim:GovHydroWEH.pmss9	xsd:float
cim:GovHydroWEH.rpg	xsd:float
cim:GovHydroWEH.rpp	xsd:float
cim:GovHydroWEH.td	xsd:float
cim:GovHydroWEH.tdv	xsd:float
cim:GovHydroWEH.tg	xsd:float
cim:GovHydroWEH.tp	xsd:float
cim:GovHydroWEH.tpe	xsd:float
cim:GovHydroWEH.tw	xsd:float
cim:GovHydroWPID.d	xsd:float
cim:GovHydroWPID.gatmax	xsd:float
cim:GovHydroWPID.gatmin	xsd:float
cim:GovHydroWPID.gv1	xsd:float
cim:GovHydroWPID.gv2	xsd:float
cim:GovHydroWPID.gv3	xsd:float
cim:GovHydroWPID.kd	xsd:float
cim:GovHydroWPID.ki	xsd:float
cim:GovHydroWPID.kp	xsd:float
cim:GovHydroWPID.mwbase	xsd:float
cim:GovHydroWPID.pgv1	xsd:float
cim:GovHydroWPID.pgv2	xsd:float
cim:GovHydroWPID.pgv3	xsd:float
cim:GovHydroWPID.pmax	xsd:float
cim:GovHydroWPID.pmin	xsd:float
cim:GovHydroWPID.reg	xsd:float
cim:GovHydroWPID.ta	xsd:float
cim:GovHydroWPID.tb	xsd:float
cim:GovHydroWPID.treg	xsd:float
cim:GovHydroWPID.tw	xsd:float
cim:GovHydroWPID.velmax	xsd:float
cim:GovHydroWPID.velmin	xsd:float
cim:GovSteam0.dt	xsd:float
cim:GovSteam0.mwbase	xsd:float
cim:GovSteam0.r	xsd:float
cim:GovSteam0.t1	xsd:float
cim:GovSteam0.t2	xsd:float
cim:GovSteam0.t3	xsd:float
cim:GovSteam0.vmax	xsd:float
cim:GovSteam0.vmin	xsd:float
cim:GovSteam1.db1	xsd:float
cim:GovSteam1.db2	xsd:float
cim:GovSteam1.eps	xsd:float
cim:GovSteam1.gv1	xsd:float
cim:GovSteam1.gv2	xsd:float
cim:GovSteam1.gv3	xsd:float
cim:GovSteam1.gv4	xsd:float
cim:GovSteam1.gv5	xsd:float
cim:GovSteam1.gv6	xsd:float
cim:GovSteam1.k	xsd:float
cim:GovSteam1.k1	xsd:float
cim:GovSteam1.k2	xsd:float
cim:GovSteam1.k3	xsd:float
cim:GovSteam1.k4	xsd:float
cim:GovSteam1.k5	xsd:float
cim:GovSteam1.k6	xsd:float
cim:GovSteam1.k7	xsd:float
cim:GovSteam1.k8	xsd:float
cim:GovSteam1.mwbase	xsd:float
cim:GovSteam1.pgv1	xsd:float
cim:GovSteam1.pgv2	xsd:float
cim:GovSteam1.pgv3	xsd:float
cim:GovSteam1.pgv4	xsd:float
cim:GovSteam1.pgv5	xsd:float
cim:GovSteam1.pgv6	xsd:float
cim:GovSteam1.pmax	xsd:float
cim:GovSteam1.pmin	xsd:float
cim:GovSteam1.sdb1	xsd:boolean
cim:GovSteam1.sdb2	xsd:boolean
cim:GovSteam1.t1	xsd:float
cim:GovSteam1.t2	xsd:float
cim:GovSteam1.t3	xsd:float
cim:GovSteam1.t4	xsd:float
cim:GovSteam1.t5	xsd:float
cim:GovSteam1.t6	xsd:float
cim:GovSteam1.t7	xsd:float
cim:GovSteam1.uc	xsd:float
cim:GovSteam1.uo	xsd:float
cim:GovSteam1.valve	xsd:boolean
cim:GovSteam2.dbf	xsd:float
cim:GovSteam2.k	xsd:float
cim:GovSteam2.mnef	xsd:float
cim:GovSteam2.mxef	xsd:float
cim:GovSteam2.pmax	xsd:float
cim:GovSteam2.pmin	xsd:float
cim:GovSteam2.t1	xsd:float
cim:GovSteam2.t2	xsd:float
cim:GovSteamBB.fcut	xsd:float
cim:GovSteamBB.k2	xsd:float
cim:GovSteamBB.k3	xsd:float
cim:GovSteamBB.kd	xsd:float
cim:GovSteamBB.kg	xsd:float
cim:GovSteamBB.kls	xsd:float
cim:GovSteamBB.kp	xsd:float
cim:GovSteamBB.ks	xsd:float
cim:GovSteamBB.peflag	xsd:boolean
cim:GovSteamBB.pmax	xsd:float
cim:GovSteamBB.pmin	xsd:float
cim:GovSteamBB.t1	xsd:float
cim:GovSteamBB.t4	xsd:float
cim:GovSteamBB.t5	xsd:float
cim:GovSteamBB.t6	xsd:float
cim:GovSteamBB.td	xsd:float
cim:GovSteamBB.tn	xsd:float
cim:GovSteamCC.dhp	xsd:float
cim:GovSteamCC.dlp	xsd:float
cim:GovSteamCC.fhp	xsd:float
cim:GovSteamCC.flp	xsd:float
cim:GovSteamCC.mwbase	xsd:float
cim:GovSteamCC.pmaxhp	xsd:float
cim:GovSteamCC.pmaxlp	xsd:float
cim:GovSteamCC.rhp	xsd:float
cim:GovSteamCC.rlp	xsd:float
cim:GovSteamCC.t1hp	xsd:float
cim:GovSteamCC.t1lp	xsd:float
cim:GovSteamCC.t3hp	xsd:float
cim:GovSteamCC.t3lp	xsd:float
cim:GovSteamCC.t4hp	xsd:float
cim:GovSteamCC.t4lp	xsd:float
cim:GovSteamCC.t5hp	xsd:float
cim:GovSteamCC.t5lp	xsd:float
cim:GovSteamEU.chc	xsd:float
cim:GovSteamEU.cho	xsd:float
cim:GovSteamEU.cic	xsd:float
cim:GovSteamEU.cio	xsd:float
cim:GovSteamEU.db1	xsd:float
cim:GovSteamEU.db2	xsd:float
cim:GovSteamEU.hhpmax	xsd:float
cim:GovSteamEU.ke	xsd:float
cim:GovSteamEU.kfcor	xsd:float
cim:GovSteamEU.khp	xsd:float
cim:GovSteamEU.klp	xsd:float
cim:GovSteamEU.komegacor	xsd:float
cim:GovSteamEU.mwbase	xsd:float
cim:GovSteamEU.pmax	xsd:float
cim:GovSteamEU.prhmax	xsd:float
cim:GovSteamEU.simx	xsd:float
cim:GovSteamEU.tb	xsd:float
cim:GovSteamEU.tdp	xsd:float
cim:GovSteamEU.ten	xsd:float
cim:GovSteamEU.tf	xsd:float
cim:GovSteamEU.tfp	xsd:float
cim:GovSteamEU.thp	xsd:float
cim:GovSteamEU.tip	xsd:float
cim:GovSteamEU.tlp	xsd:float
cim:GovSteamEU.tp	xsd:float
cim:GovSteamEU.trh	xsd:float
cim:GovSteamEU.tvhp	xsd:float
cim:GovSteamEU.tvip	xsd:float
cim:GovSteamEU.tw	xsd:float
cim:GovSteamEU.wfmax	xsd:float
cim:GovSteamEU.wfmin	xsd:float
cim:GovSteamEU.wmax1	xsd:float
cim:GovSteamEU.wmax2	xsd:float
cim:GovSteamEU.wwmax	xsd:float
cim:GovSteamEU.wwmin	xsd:float
cim:GovSteamFV2.dt	xsd:float
cim:GovSteamFV2.k	xsd:float
cim:GovSteamFV2.mwbase	xsd:float
cim:GovSteamFV2.r	xsd:float
cim:GovSteamFV2.t1	xsd:float
cim:GovSteamFV2.t3	xsd:float
cim:GovSteamFV2.ta	xsd:float
cim:GovSteamFV2.tb	xsd:float
cim:GovSteamFV2.tc	xsd:float
cim:GovSteamFV2.tt	xsd:float
cim:GovSteamFV2.vmax	xsd:float
cim:GovSteamFV2.vmin	xsd:float
cim:GovSteamFV3.gv1	xsd:float
cim:GovSteamFV3.gv2	xsd:float
cim:GovSteamFV3.gv3	xsd:float
cim:GovSteamFV3.gv4	xsd:float
cim:GovSteamFV3.gv5	xsd:float
cim:GovSteamFV3.gv6	xsd:float
cim:GovSteamFV3.k	xsd:float
cim:GovSteamFV3.k1	xsd:float
cim:GovSteamFV3.k2	xsd:float
cim:GovSteamFV3.k3	xsd:float
cim:GovSteamFV3.mwbase	xsd:float
cim:GovSteamFV3.pgv1	xsd:float
cim:GovSteamFV3.pgv2	xsd:float
cim:GovSteamFV3.pgv3	xsd:float
cim:GovSteamFV3.pgv4	xsd:float
cim:GovSteamFV3.pgv5	xsd:float
cim:GovSteamFV3.pgv6	xsd:float
cim:GovSteamFV3.pmax	xsd:float
cim:GovSteamFV3.pmin	xsd:float
cim:GovSteamFV3.prmax	xsd:float
cim:GovSteamFV3.t1	xsd:float
cim:GovSteamFV3.t2	xsd:float
cim:GovSteamFV3.t3	xsd:float
cim:GovSteamFV3.t4	xsd:float
cim:GovSteamFV3.t5	xsd:float
cim:GovSteamFV3.t6	xsd:float
cim:GovSteamFV3.ta	xsd:float
cim:GovSteamFV3.tb	xsd:float
cim:GovSteamFV3.tc	xsd:float
cim:GovSteamFV3.uc	xsd:float
cim:GovSteamFV3.uo	xsd:float
cim:GovSteamFV4.cpsmn	xsd:float
cim:GovSteamFV4.cpsmx	xsd:float
cim:GovSteamFV4.crmn	xsd:float
cim:GovSteamFV4.crmx	xsd:float
cim:GovSteamFV4.kdc	xsd:float
cim:GovSteamFV4.kf1	xsd:float
cim:GovSteamFV4.kf3	xsd:float
cim:GovSteamFV4.khp	xsd:float
cim:GovSteamFV4.kic	xsd:float
cim:GovSteamFV4.kip	xsd:float
cim:GovSteamFV4.kit	xsd:float
cim:GovSteamFV4.kmp1	xsd:float
cim:GovSteamFV4.kmp2	xsd:float
cim:GovSteamFV4.kpc	xsd:float
cim:GovSteamFV4.kpp	xsd:float
cim:GovSteamFV4.kpt	xsd:float
cim:GovSteamFV4.krc	xsd:float
cim:GovSteamFV4.ksh	xsd:float
cim:GovSteamFV4.lpi	xsd:float
cim:GovSteamFV4.lps	xsd:float
cim:GovSteamFV4.mnef	xsd:float
cim:GovSteamFV4.mxef	xsd:float
cim:GovSteamFV4.pr1	xsd:float
cim:GovSteamFV4.pr2	xsd:float
cim:GovSteamFV4.psmn	xsd:float
cim:GovSteamFV4.rsmimn	xsd:float
cim:GovSteamFV4.rsmimx	xsd:float
cim:GovSteamFV4.rvgmn	xsd:float
cim:GovSteamFV4.rvgmx	xsd:float
cim:GovSteamFV4.srmn	xsd:float
cim:GovSteamFV4.srmx	xsd:float
cim:GovSteamFV4.srsmp	xsd:float
cim:GovSteamFV4.svmn	xsd:float
cim:GovSteamFV4.svmx	xsd:float
cim:GovSteamFV4.ta	xsd:float
cim:GovSteamFV4.tam	xsd:float
cim:GovSteamFV4.tc	xsd:float
cim:GovSteamFV4.tcm	xsd:float
cim:GovSteamFV4.tdc	xsd:float
cim:GovSteamFV4.tf1	xsd:float
cim:GovSteamFV4.tf2	xsd:float
cim:GovSteamFV4.thp	xsd:float
cim:GovSteamFV4.tmp	xsd:float
cim:GovSteamFV4.trh	xsd:float
cim:GovSteamFV4.tv	xsd:float
cim:GovSteamFV4.ty	xsd:float
cim:GovSteamFV4.y	xsd:float
cim:GovSteamFV4.yhpmn	xsd:float
cim:GovSteamFV4.yhpmx	xsd:float
cim:GovSteamFV4.ympmn	xsd:float
cim:GovSteamFV4.ympmx	xsd:float
cim:GovSteamIEEE1.k	xsd:float
cim:GovSteamIEEE1.k1	xsd:float
cim:GovSteamIEEE1.k2	xsd:float
cim:GovSteamIEEE1.k3	xsd:float
cim:GovSteamIEEE1.k4	xsd:float
cim:GovSteamIEEE1.k5	xsd:float
cim:GovSteamIEEE1.k6	xsd:float
cim:GovSteamIEEE1.k7	xsd:float
cim:GovSteamIEEE1.k8	xsd:float
cim:GovSteamIEEE1.mwbase	xsd:float
cim:GovSteamIEEE1.pmax	xsd:float
cim:GovSteamIEEE1.pmin	xsd:float
cim:GovSteamIEEE1.t1	xsd:float
cim:GovSteamIEEE1.t2	xsd:float
cim:GovSteamIEEE1.t3	xsd:float
cim:GovSteamIEEE1.t4	xsd:float
cim:GovSteamIEEE1.t5	xsd:float
cim:GovSteamIEEE1.t6	xsd:float
cim:GovSteamIEEE1.t7	xsd:float
cim:GovSteamIEEE1.uc	xsd:float
cim:GovSteamIEEE1.uo	xsd:float
cim:GovSteamSGO.k1	xsd:float
cim:GovSteamSGO.k2	xsd:float
cim:GovSteamSGO.k3	xsd:float
cim:GovSteamSGO.mwbase	xsd:float
cim:GovSteamSGO.pmax	xsd:float
cim:GovSteamSGO.pmin	xsd:float
cim:GovSteamSGO.t1	xsd:float
cim:GovSteamSGO.t2	xsd:float
cim:GovSteamSGO.t3	xsd:float
cim:GovSteamSGO.t4	xsd:float
cim:GovSteamSGO.t5	xsd:float
cim:GovSteamSGO.t6	xsd:float
cim:GroundingImpedance.x	xsd:float
cim:HydroGeneratingUnit.dropHeight	xsd:float
cim:IdentifiedObject.description	xsd:string
cim:IdentifiedObject.mRID	xsd:string
cim:IdentifiedObject.name	xsd:string
cim:LimitSet.isPercentageLimits	xsd:boolean
cim:LinearShuntCompensator.b0PerSection	xsd:float
cim:LinearShuntCompensator.bPerSection	xsd:float
cim:LinearShuntCompensator.g0PerSection	xsd:float
cim:LinearShuntCompensator.gPerSection	xsd:float
cim:LoadComposite.epfd	xsd:float
cim:LoadComposite.epfs	xsd:float
cim:LoadComposite.epvd	xsd:float
cim:LoadComposite.epvs	xsd:float
cim:LoadComposite.eqfd	xsd:float
cim:LoadComposite.eqfs	xsd:float
cim:LoadComposite.eqvd	xsd:float
cim:LoadComposite.eqvs	xsd:float
cim:LoadComposite.h	xsd:float
cim:LoadComposite.lfac	xsd:float
cim:LoadComposite.pfrac	xsd:float
cim:LoadGenericNonLinear.bs	xsd:float
cim:LoadGenericNonLinear.bt	xsd:float
cim:LoadGenericNonLinear.ls	xsd:float
cim:LoadGenericNonLinear.lt	xsd:float
cim:LoadGenericNonLinear.tp	xsd:float
cim:LoadGenericNonLinear.tq	xsd:float
cim:LoadMotor.d	xsd:float
cim:LoadMotor.h	xsd:float
cim:LoadMotor.lfac	xsd:float
cim:LoadMotor.lp	xsd:float
cim:LoadMotor.lpp	xsd:float
cim:LoadMotor.ls	xsd:float
cim:LoadMotor.pfrac	xsd:float
cim:LoadMotor.ra	xsd:float
cim:LoadMotor.tbkr	xsd:float
cim:LoadMotor.tpo	xsd:float
cim:LoadMotor.tppo	xsd:float
cim:LoadMotor.tv	xsd:float
cim:LoadMotor.vt	xsd:float
cim:LoadResponseCharacteristic.exponentModel	xsd:boolean
cim:LoadResponseCharacteristic.pConstantCurrent	xsd:float
cim:LoadResponseCharacteristic.pConstantImpedance	xsd:float
cim:LoadResponseCharacteristic.pConstantPower	xsd:float
cim:LoadResponseCharacteristic.pFrequencyExponent	xsd:float
cim:LoadResponseCharacteristic.pVoltageExponent	xsd:float
cim:LoadResponseCharacteristic.qConstantCurrent	xsd:float
cim:LoadResponseCharacteristic.qConstantImpedance	xsd:float
cim:LoadResponseCharacteristic.qConstantPower	xsd:float
cim:LoadResponseCharacteristic.qFrequencyExponent	xsd:float
cim:LoadResponseCharacteristic.qVoltageExponent	xsd:float
cim:LoadStatic.ep1	xsd:float
cim:LoadStatic.ep2	xsd:float
cim:LoadStatic.ep3	xsd:float
cim:LoadStatic.eq1	xsd:float
cim:LoadStatic.eq2	xsd:float
cim:LoadStatic.eq3	xsd:float
cim:LoadStatic.kp1	xsd:float
cim:LoadStatic.kp2	xsd:float
cim:LoadStatic.kp3	xsd:float
cim:LoadStatic.kp4	xsd:float
cim:LoadStatic.kpf	xsd:float
cim:LoadStatic.kq1	xsd:float
cim:LoadStatic.kq2	xsd:float
cim:LoadStatic.kq3	xsd:float
cim:LoadStatic.kq4	xsd:float
cim:LoadStatic.kqf	xsd:float
cim:LoadUserDefined.proprietary	xsd:boolean
cim:Measurement.measurementType	xsd:string
cim:MeasurementValue.sensorAccuracy	xsd:float
cim:MeasurementValue.timeStamp	xsd:dateTime
cim:MechLoad1.a	xsd:float
cim:MechLoad1.b	xsd:float
cim:MechLoad1.d	xsd:float
cim:MechLoad1.e	xsd:float
cim:MechanicalLoadUserDefined.proprietary	xsd:boolean
cim:MutualCoupling.b0ch	xsd:float
cim:MutualCoupling.distance11	xsd:float
cim:MutualCoupling.distance12	xsd:float
cim:MutualCoupling.distance21	xsd:float
cim:MutualCoupling.distance22	xsd:float
cim:MutualCoupling.g0ch	xsd:float
cim:MutualCoupling.r0	xsd:float
cim:MutualCoupling.x0	xsd:float
cim:NonlinearShuntCompensatorPoint.b	xsd:float
cim:NonlinearShuntCompensatorPoint.b0	xsd:float
cim:NonlinearShuntCompensatorPoint.g	xsd:float
cim:NonlinearShuntCompensatorPoint.g0	xsd:float
cim:NonlinearShuntCompensatorPoint.sectionNumber	xsd:integer
cim:OperationalLimitType.acceptableDuration	xsd:float
cim:OperationalLimitType.isInfiniteDuration	xsd:boolean
cim:OverexcLim2.ifdlim	xsd:float
cim:OverexcLim2.koi	xsd:float
cim:OverexcLim2.voimax	xsd:float
cim:OverexcLim2.voimin	xsd:float
cim:OverexcLimIEEE.hyst	xsd:float
cim:OverexcLimIEEE.ifdlim	xsd:float
cim:OverexcLimIEEE.ifdmax	xsd:float
cim:OverexcLimIEEE.itfpu	xsd:float
cim:OverexcLimIEEE.kcd	xsd:float
cim:OverexcLimIEEE.kramp	xsd:float
cim:OverexcLimX1.efd1	xsd:float
cim:OverexcLimX1.efd2	xsd:float
cim:OverexcLimX1.efd3	xsd:float
cim:OverexcLimX1.efddes	xsd:float
cim:OverexcLimX1.efdrated	xsd:float
cim:OverexcLimX1.kmx	xsd:float
cim:OverexcLimX1.t1	xsd:float
cim:OverexcLimX1.t2	xsd:float
cim:OverexcLimX1.t3	xsd:float
cim:OverexcLimX1.vlow	xsd:float
cim:OverexcLimX2.efd1	xsd:float
cim:OverexcLimX2.efd2	xsd:float
cim:OverexcLimX2.efd3	xsd:float
cim:OverexcLimX2.efddes	xsd:float
cim:OverexcLimX2.efdrated	xsd:float
cim:OverexcLimX2.kmx	xsd:float
cim:OverexcLimX2.m	xsd:boolean
cim:OverexcLimX2.t1	xsd:float
cim:OverexcLimX2.t2	xsd:float
cim:OverexcLimX2.t3	xsd:float
cim:OverexcLimX2.vlow	xsd:float
cim:OverexcitationLimiterUserDefined.proprietary	xsd:boolean
cim:PFVArControllerType1UserDefined.proprietary	xsd:boolean
cim:PFVArControllerType2UserDefined.proprietary	xsd:boolean
cim:PFVArType1IEEEPFController.ovex	xsd:boolean
cim:PFVArType1IEEEPFController.tpfc	xsd:float
cim:PFVArType1IEEEPFController.vitmin	xsd:float
cim:PFVArType1IEEEPFController.vpf	xsd:float
cim:PFVArType1IEEEPFController.vpfcbw	xsd:float
cim:PFVArType1IEEEPFController.vpfref	xsd:float
cim:PFVArType1IEEEPFController.vvtmax	xsd:float
cim:PFVArType1IEEEPFController.vvtmin	xsd:float
cim:PFVArType1IEEEVArController.tvarc	xsd:float
cim:PFVArType1IEEEVArController.vvar	xsd:float
cim:PFVArType1IEEEVArController.vvarcbw	xsd:float
cim:PFVArType1IEEEVArController.vvarref	xsd:float
cim:PFVArType1IEEEVArController.vvtmax	xsd:float
cim:PFVArType1IEEEVArController.vvtmin	xsd:float
cim:PFVArType2Common1.j	xsd:boolean
cim:PFVArType2Common1.ki	xsd:float
cim:PFVArType2Common1.kp	xsd:float
cim:PFVArType2Common1.max	xsd:float
cim:PFVArType2Common1.ref	xsd:float
cim:PFVArType2IEEEPFController.exlon	xsd:boolean
cim:PFVArType2IEEEPFController.ki	xsd:float
cim:PFVArType2IEEEPFController.kp	xsd:float
cim:PFVArType2IEEEPFController.pfref	xsd:float
cim:PFVArType2IEEEPFController.vclmt	xsd:float
cim:PFVArType2IEEEPFController.vref	xsd:float
cim:PFVArType2IEEEPFController.vs	xsd:float
cim:PFVArType2IEEEVArController.exlon	xsd:boolean
cim:PFVArType2IEEEVArController.ki	xsd:float
cim:PFVArType2IEEEVArController.kp	xsd:float
cim:PFVArType2IEEEVArController.qref	xsd:float
cim:PFVArType2IEEEVArController.vclmt	xsd:float
cim:PFVArType2IEEEVArController.vref	xsd:float
cim:PFVArType2IEEEVArController.vs	xsd:float
cim:PetersenCoil.nominalU	xsd:float
cim:PetersenCoil.offsetCurrent	xsd:float
cim:PetersenCoil.positionCurrent	xsd:float
cim:PetersenCoil.xGroundMax	xsd:float
cim:PetersenCoil.xGroundMin	xsd:float
cim:PetersenCoil.xGroundNominal	xsd:float
cim:PhaseTapChangerAsymmetrical.windingConnectionAngle	xsd:float
cim:PhaseTapChangerLinear.stepPhaseShiftIncrement	xsd:float
cim:PhaseTapChangerLinear.xMax	xsd:float
cim:PhaseTapChangerLinear.xMin	xsd:float
cim:PhaseTapChangerNonLinear.voltageStepIncrement	xsd:float
cim:PhaseTapChangerNonLinear.xMax	xsd:float
cim:PhaseTapChangerNonLinear.xMin	xsd:float
cim:PhaseTapChangerTablePoint.angle	xsd:float
cim:PositionPoint.sequenceNumber	xsd:integer
cim:PositionPoint.xPosition	xsd:string
cim:PositionPoint.yPosition	xsd:string
cim:PositionPoint.zPosition	xsd:string
cim:PowerElectronicsConnection.maxQ	xsd:float
cim:PowerElectronicsConnection.minQ	xsd:float
cim:PowerElectronicsConnection.p	xsd:float
cim:PowerElectronicsConnection.q	xsd:float
cim:PowerElectronicsConnection.ratedS	xsd:float
cim:PowerElectronicsConnection.ratedU	xsd:float
cim:PowerElectronicsUnit.maxP	xsd:float
cim:PowerElectronicsUnit.minP	xsd:float
cim:PowerSystemStabilizerUserDefined.proprietary	xsd:boolean
cim:PowerTransformer.beforeShCircuitHighestOperatingCurrent	xsd:float
cim:PowerTransformer.beforeShCircuitHighestOperatingVoltage	xsd:float
cim:PowerTransformer.beforeShortCircuitAnglePf	xsd:float
cim:PowerTransformer.highSideMinOperatingU	xsd:float
cim:PowerTransformer.isPartOfGeneratorUnit	xsd:boolean
cim:PowerTransformer.operationalValuesConsidered	xsd:boolean
cim:PowerTransformerEnd.b	xsd:float
cim:PowerTransformerEnd.b0	xsd:float
cim:PowerTransformerEnd.g	xsd:float
cim:PowerTransformerEnd.g0	xsd:float
cim:PowerTransformerEnd.phaseAngleClock	xsd:integer
cim:PowerTransformerEnd.r	xsd:float
cim:PowerTransformerEnd.r0	xsd:float
cim:PowerTransformerEnd.ratedS	xsd:float
cim:PowerTransformerEnd.ratedU	xsd:float
cim:PowerTransformerEnd.x	xsd:float
cim:PowerTransformerEnd.x0	xsd:float
cim:ProprietaryParameterDynamics.booleanParameterValue	xsd:boolean
cim:ProprietaryParameterDynamics.floatParameterValue	xsd:float
cim:ProprietaryParameterDynamics.integerParameterValue	xsd:integer
cim:ProprietaryParameterDynamics.parameterNumber	xsd:integer
cim:Pss1.kf	xsd:float
cim:Pss1.komega	xsd:float
cim:Pss1.kpe	xsd:float
cim:Pss1.ks	xsd:float
cim:Pss1.pmin	xsd:float
cim:Pss1.t10	xsd:float
cim:Pss1.t5	xsd:float
cim:Pss1.t6	xsd:float
cim:Pss1.t7	xsd:float
cim:Pss1.t8	xsd:float
cim:Pss1.t9	xsd:float
cim:Pss1.tpe	xsd:float
cim:Pss1.vadat	xsd:boolean
cim:Pss1.vsmn	xsd:float
cim:Pss1.vsmx	xsd:float
cim:Pss1A.a1	xsd:float
cim:Pss1A.a2	xsd:float
cim:Pss1A.a3	xsd:float
cim:Pss1A.a4	xsd:float
cim:Pss1A.a5	xsd:float
cim:Pss1A.a6	xsd:float
cim:Pss1A.a7	xsd:float
cim:Pss1A.a8	xsd:float
cim:Pss1A.kd	xsd:boolean
cim:Pss1A.ks	xsd:float
cim:Pss1A.t1	xsd:float
cim:Pss1A.t2	xsd:float
cim:Pss1A.t3	xsd:float
cim:Pss1A.t4	xsd:float
cim:Pss1A.t5	xsd:float
cim:Pss1A.t6	xsd:float
cim:Pss1A.tdelay	xsd:float
cim:Pss1A.vcl	xsd:float
cim:Pss1A.vcu	xsd:float
cim:Pss1A.vrmax	xsd:float
cim:Pss1A.vrmin	xsd:float
cim:Pss2B.a	xsd:float
cim:Pss2B.ks1	xsd:float
cim:Pss2B.ks2	xsd:float
cim:Pss2B.ks3	xsd:float
cim:Pss2B.ks4	xsd:float
cim:Pss2B.m	xsd:integer
cim:Pss2B.n	xsd:integer
cim:Pss2B.t1	xsd:float
cim:Pss2B.t10	xsd:float
cim:Pss2B.t11	xsd:float
cim:Pss2B.t2	xsd:float
cim:Pss2B.t3	xsd:float
cim:Pss2B.t4	xsd:float
cim:Pss2B.t6	xsd:float
cim:Pss2B.t7	xsd:float
cim:Pss2B.t8	xsd:float
cim:Pss2B.t9	xsd:float
cim:Pss2B.ta	xsd:float
cim:Pss2B.tb	xsd:float
cim:Pss2B.tw1	xsd:float
cim:Pss2B.tw2	xsd:float
cim:Pss2B.tw3	xsd:float
cim:Pss2B.tw4	xsd:float
cim:Pss2B.vsi1max	xsd:float
cim:Pss2B.vsi1min	xsd:float
cim:Pss2B.vsi2max	xsd:float
cim:Pss2B.vsi2min	xsd:float
cim:Pss2B.vstmax	xsd:float
cim:Pss2B.vstmin	xsd:float
cim:Pss2ST.k1	xsd:float
cim:Pss2ST.k2	xsd:float
cim:Pss2ST.lsmax	xsd:float
cim:Pss2ST.lsmin	xsd:float
cim:Pss2ST.t1	xsd:float
cim:Pss2ST.t10	xsd:float
cim:Pss2ST.t2	xsd:float
cim:Pss2ST.t3	xsd:float
cim:Pss2ST.t4	xsd:float
cim:Pss2ST.t5	xsd:float
cim:Pss2ST.t6	xsd:float
cim:Pss2ST.t7	xsd:float
cim:Pss2ST.t8	xsd:float
cim:Pss2ST.t9	xsd:float
cim:Pss2ST.vcl	xsd:float
cim:Pss2ST.vcu	xsd:float
cim:Pss5.ctw2	xsd:boolean
cim:Pss5.deadband	xsd:float
cim:Pss5.isfreq	xsd:boolean
cim:Pss5.kf	xsd:float
cim:Pss5.kpe	xsd:float
cim:Pss5.kpss	xsd:float
cim:Pss5.pmin	xsd:float
cim:Pss5.tl1	xsd:float
cim:Pss5.tl2	xsd:float
cim:Pss5.tl3	xsd:float
cim:Pss5.tl4	xsd:float
cim:Pss5.tpe	xsd:float
cim:Pss5.tw1	xsd:float
cim:Pss5.tw2	xsd:float
cim:Pss5.vadat	xsd:boolean
cim:Pss5.vsmn	xsd:float
cim:Pss5.vsmx	xsd:float
cim:PssELIN2.apss	xsd:float
cim:PssELIN2.ks1	xsd:float
cim:PssELIN2.ks2	xsd:float
cim:PssELIN2.ppss	xsd:float
cim:PssELIN2.psslim	xsd:float
cim:PssELIN2.ts1	xsd:float
cim:PssELIN2.ts2	xsd:float
cim:PssELIN2.ts3	xsd:float
cim:PssELIN2.ts4	xsd:float
cim:PssELIN2.ts5	xsd:float
cim:PssELIN2.ts6	xsd:float
cim:PssIEEE1A.a1	xsd:float
cim:PssIEEE1A.a2	xsd:float
cim:PssIEEE1A.ks	xsd:float
cim:PssIEEE1A.t1	xsd:float
cim:PssIEEE1A.t2	xsd:float
cim:PssIEEE1A.t3	xsd:float
cim:PssIEEE1A.t4	xsd:float
cim:PssIEEE1A.t5	xsd:float
cim:PssIEEE1A.t6	xsd:float
cim:PssIEEE1A.vrmax	xsd:float
cim:PssIEEE1A.vrmin	xsd:float
cim:PssIEEE2B.ks1	xsd:float
cim:PssIEEE2B.ks2	xsd:float
cim:PssIEEE2B.ks3	xsd:float
cim:PssIEEE2B.m	xsd:integer
cim:PssIEEE2B.n	xsd:integer
cim:PssIEEE2B.t1	xsd:float
cim:PssIEEE2B.t10	xsd:float
cim:PssIEEE2B.t11	xsd:float
cim:PssIEEE2B.t2	xsd:float
cim:PssIEEE2B.t3	xsd:float
cim:PssIEEE2B.t4	xsd:float
cim:PssIEEE2B.t6	xsd:float
cim:PssIEEE2B.t7	xsd:float
cim:PssIEEE2B.t8	xsd:float
cim:PssIEEE2B.t9	xsd:float
cim:PssIEEE2B.tw1	xsd:float
cim:PssIEEE2B.tw2	xsd:float
cim:PssIEEE2B.tw3	xsd:float
cim:PssIEEE2B.tw4	xsd:float
cim:PssIEEE2B.vsi1max	xsd:float
cim:PssIEEE2B.vsi1min	xsd:float
cim:PssIEEE2B.vsi2max	xsd:float
cim:PssIEEE2B.vsi2min	xsd:float
cim:PssIEEE2B.vstmax	xsd:float
cim:PssIEEE2B.vstmin	xsd:float
cim:PssIEEE3B.a1	xsd:float
cim:PssIEEE3B.a2	xsd:float
cim:PssIEEE3B.a3	xsd:float
cim:PssIEEE3B.a4	xsd:float
cim:PssIEEE3B.a5	xsd:float
cim:PssIEEE3B.a6	xsd:float
cim:PssIEEE3B.a7	xsd:float
cim:PssIEEE3B.a8	xsd:float
cim:PssIEEE3B.ks1	xsd:float
cim:PssIEEE3B.ks2	xsd:float
cim:PssIEEE3B.t1	xsd:float
cim:PssIEEE3B.t2	xsd:float
cim:PssIEEE3B.tw1	xsd:float
cim:PssIEEE3B.tw2	xsd:float
cim:PssIEEE3B.tw3	xsd:float
cim:PssIEEE3B.vstmax	xsd:float
cim:PssIEEE3B.vstmin	xsd:float
cim:PssIEEE4B.bwh1	xsd:float
cim:PssIEEE4B.bwh2	xsd:float
cim:PssIEEE4B.bwl1	xsd:float
cim:PssIEEE4B.bwl2	xsd:float
cim:PssIEEE4B.kh	xsd:float
cim:PssIEEE4B.kh1	xsd:float
cim:PssIEEE4B.kh11	xsd:float
cim:PssIEEE4B.kh17	xsd:float
cim:PssIEEE4B.kh2	xsd:float
cim:PssIEEE4B.ki	xsd:float
cim:PssIEEE4B.ki1	xsd:float
cim:PssIEEE4B.ki11	xsd:float
cim:PssIEEE4B.ki17	xsd:float
cim:PssIEEE4B.ki2	xsd:float
cim:PssIEEE4B.kl	xsd:float
cim:PssIEEE4B.kl1	xsd:float
cim:PssIEEE4B.kl11	xsd:float
cim:PssIEEE4B.kl17	xsd:float
cim:PssIEEE4B.kl2	xsd:float
cim:PssIEEE4B.omeganh1	xsd:float
cim:PssIEEE4B.omeganh2	xsd:float
cim:PssIEEE4B.omeganl1	xsd:float
cim:PssIEEE4B.omeganl2	xsd:float
cim:PssIEEE4B.th1	xsd:float
cim:PssIEEE4B.th10	xsd:float
cim:PssIEEE4B.th11	xsd:float
cim:PssIEEE4B.th12	xsd:float
cim:PssIEEE4B.th2	xsd:float
cim:PssIEEE4B.th3	xsd:float
cim:PssIEEE4B.th4	xsd:float
cim:PssIEEE4B.th5	xsd:float
cim:PssIEEE4B.th6	xsd:float
cim:PssIEEE4B.th7	xsd:float
cim:PssIEEE4B.th8	xsd:float
cim:PssIEEE4B.th9	xsd:float
cim:PssIEEE4B.ti1	xsd:float
cim:PssIEEE4B.ti10	xsd:float
cim:PssIEEE4B.ti11	xsd:float
cim:PssIEEE4B.ti12	xsd:float
cim:PssIEEE4B.ti2	xsd:float
cim:PssIEEE4B.ti3	xsd:float
cim:PssIEEE4B.ti4	xsd:float
cim:PssIEEE4B.ti5	xsd:float
cim:PssIEEE4B.ti6	xsd:float
cim:PssIEEE4B.ti7	xsd:float
cim:PssIEEE4B.ti8	xsd:float
cim:PssIEEE4B.ti9	xsd:float
cim:PssIEEE4B.tl1	xsd:float
cim:PssIEEE4B.tl10	xsd:float
cim:PssIEEE4B.tl11	xsd:float
cim:PssIEEE4B.tl12	xsd:float
cim:PssIEEE4B.tl2	xsd:float
cim:PssIEEE4B.tl3	xsd:float
cim:PssIEEE4B.tl4	xsd:float
cim:PssIEEE4B.tl5	xsd:float
cim:PssIEEE4B.tl6	xsd:float
cim:PssIEEE4B.tl7	xsd:float
cim:PssIEEE4B.tl8	xsd:float
cim:PssIEEE4B.tl9	xsd:float
cim:PssIEEE4B.vhmax	xsd:float
cim:PssIEEE4B.vhmin	xsd:float
cim:PssIEEE4B.vimax	xsd:float
cim:PssIEEE4B.vimin	xsd:float
cim:PssIEEE4B.vlmax	xsd:float
cim:PssIEEE4B.vlmin	xsd:float
cim:PssIEEE4B.vstmax	xsd:float
cim:PssIEEE4B.vstmin	xsd:float
cim:PssPTIST1.dtc	xsd:float
cim:PssPTIST1.dtf	xsd:float
cim:PssPTIST1.dtp	xsd:float
cim:PssPTIST1.k	xsd:float
cim:PssPTIST1.m	xsd:float
cim:PssPTIST1.t1	xsd:float
cim:PssPTIST1.t2	xsd:float
cim:PssPTIST1.t3	xsd:float
cim:PssPTIST1.t4	xsd:float
cim:PssPTIST1.tf	xsd:float
cim:PssPTIST1.tp	xsd:float
cim:PssPTIST3.a0	xsd:float
cim:PssPTIST3.a1	xsd:float
cim:PssPTIST3.a2	xsd:float
cim:PssPTIST3.a3	xsd:float
cim:PssPTIST3.a4	xsd:float
cim:PssPTIST3.a5	xsd:float
cim:PssPTIST3.al	xsd:float
cim:PssPTIST3.athres	xsd:float
cim:PssPTIST3.b0	xsd:float
cim:PssPTIST3.b1	xsd:float
cim:PssPTIST3.b2	xsd:float
cim:PssPTIST3.b3	xsd:float
cim:PssPTIST3.b4	xsd:float
cim:PssPTIST3.b5	xsd:float
cim:PssPTIST3.dl	xsd:float
cim:PssPTIST3.dtc	xsd:float
cim:PssPTIST3.dtf	xsd:float
cim:PssPTIST3.dtp	xsd:float
cim:PssPTIST3.isw	xsd:boolean
cim:PssPTIST3.k	xsd:float
cim:PssPTIST3.lthres	xsd:float
cim:PssPTIST3.m	xsd:float
cim:PssPTIST3.nav	xsd:float
cim:PssPTIST3.ncl	xsd:float
cim:PssPTIST3.ncr	xsd:float
cim:PssPTIST3.pmin	xsd:float
cim:PssPTIST3.t1	xsd:float
cim:PssPTIST3.t2	xsd:float
cim:PssPTIST3.t3	xsd:float
cim:PssPTIST3.t4	xsd:float
cim:PssPTIST3.t5	xsd:float
cim:PssPTIST3.t6	xsd:float
cim:PssPTIST3.tf	xsd:float
cim:PssPTIST3.tp	xsd:float
cim:PssRQB.kdpm	xsd:float
cim:PssRQB.ki2	xsd:float
cim:PssRQB.ki3	xsd:float
cim:PssRQB.ki4	xsd:float
cim:PssRQB.sibv	xsd:float
cim:PssRQB.t4f	xsd:float
cim:PssRQB.t4m	xsd:float
cim:PssRQB.t4mom	xsd:float
cim:PssRQB.tomd	xsd:float
cim:PssRQB.tomsl	xsd:float
cim:PssSB4.kx	xsd:float
cim:PssSB4.ta	xsd:float
cim:PssSB4.tb	xsd:float
cim:PssSB4.tc	xsd:float
cim:PssSB4.td	xsd:float
cim:PssSB4.te	xsd:float
cim:PssSB4.tt	xsd:float
cim:PssSB4.tx1	xsd:float
cim:PssSB4.tx2	xsd:float
cim:PssSB4.vsmax	xsd:float
cim:PssSB4.vsmin	xsd:float
cim:PssSH.k	xsd:float
cim:PssSH.k0	xsd:float
cim:PssSH.k1	xsd:float
cim:PssSH.k2	xsd:float
cim:PssSH.k3	xsd:float
cim:PssSH.k4	xsd:float
cim:PssSH.t1	xsd:float
cim:PssSH.t2	xsd:float
cim:PssSH.t3	xsd:float
cim:PssSH.t4	xsd:float
cim:PssSH.td	xsd:float
cim:PssSH.vsmax	xsd:float
cim:PssSH.vsmin	xsd:float
cim:PssSK.k1	xsd:float
cim:PssSK.k2	xsd:float
cim:PssSK.k3	xsd:float
cim:PssSK.t1	xsd:float
cim:PssSK.t2	xsd:float
cim:PssSK.t3	xsd:float
cim:PssSK.t4	xsd:float
cim:PssSK.t5	xsd:float
cim:PssSK.t6	xsd:float
cim:PssSK.vsmax	xsd:float
cim:PssSK.vsmin	xsd:float
cim:PssSTAB2A.hlim	xsd:float
cim:PssSTAB2A.k2	xsd:float
cim:PssSTAB2A.k3	xsd:float
cim:PssSTAB2A.k4	xsd:float
cim:PssSTAB2A.k5	xsd:float
cim:PssSTAB2A.t2	xsd:float
cim:PssSTAB2A.t3	xsd:float
cim:PssSTAB2A.t5	xsd:float
cim:PssWECC.k1	xsd:float
cim:PssWECC.k2	xsd:float
cim:PssWECC.t1	xsd:float
cim:PssWECC.t10	xsd:float
cim:PssWECC.t2	xsd:float
cim:PssWECC.t3	xsd:float
cim:PssWECC.t4	xsd:float
cim:PssWECC.t5	xsd:float
cim:PssWECC.t6	xsd:float
cim:PssWECC.t7	xsd:float
cim:PssWECC.t8	xsd:float
cim:PssWECC.t9	xsd:float
cim:PssWECC.vcl	xsd:float
cim:PssWECC.vcu	xsd:float
cim:PssWECC.vsmax	xsd:float
cim:PssWECC.vsmin	xsd:float
cim:Quality61850.badReference	xsd:boolean
cim:Quality61850.estimatorReplaced	xsd:boolean
cim:Quality61850.failure	xsd:boolean
cim:Quality61850.oldData	xsd:boolean
cim:Quality61850.operatorBlocked	xsd:boolean
cim:Quality61850.oscillatory	xsd:boolean
cim:Quality61850.outOfRange	xsd:boolean
cim:Quality61850.overFlow	xsd:boolean
cim:Quality61850.suspect	xsd:boolean
cim:Quality61850.test	xsd:boolean
cim:RatioTapChanger.stepVoltageIncrement	xsd:float
cim:RegularIntervalSchedule.endTime	xsd:dateTime
cim:RegularIntervalSchedule.timeStep	xsd:float
cim:RegularTimePoint.sequenceNumber	xsd:integer
cim:RegularTimePoint.value1	xsd:float
cim:RegularTimePoint.value2	xsd:float
cim:RegulatingCondEq.controlEnabled	xsd:boolean
cim:RegulatingControl.discrete	xsd:boolean
cim:RegulatingControl.enabled	xsd:boolean
cim:RegulatingControl.maxAllowedTargetValue	xsd:float
cim:RegulatingControl.minAllowedTargetValue	xsd:float
cim:RegulatingControl.targetDeadband	xsd:float
cim:RegulatingControl.targetValue	xsd:float
cim:RotatingMachine.p	xsd:float
cim:RotatingMachine.q	xsd:float
cim:RotatingMachine.ratedPowerFactor	xsd:float
cim:RotatingMachine.ratedS	xsd:float
cim:RotatingMachine.ratedU	xsd:float
cim:RotatingMachineDynamics.damping	xsd:float
cim:RotatingMachineDynamics.inertia	xsd:float
cim:RotatingMachineDynamics.saturationFactor	xsd:float
cim:RotatingMachineDynamics.saturationFactor120	xsd:float
cim:RotatingMachineDynamics.statorLeakageReactance	xsd:float
cim:RotatingMachineDynamics.statorResistance	xsd:float
cim:SVCUserDefined.proprietary	xsd:boolean
cim:Season.endDate	xsd:gMonthDay]
cim:Season.startDate	xsd:gMonthDay]
cim:SeriesCompensator.r	xsd:float
cim:SeriesCompensator.r0	xsd:float
cim:SeriesCompensator.varistorPresent	xsd:boolean
cim:SeriesCompensator.varistorRatedCurrent	xsd:float
cim:SeriesCompensator.varistorVoltageThreshold	xsd:float
cim:SeriesCompensator.x	xsd:float
cim:SeriesCompensator.x0	xsd:float
cim:SetPoint.normalValue	xsd:float
cim:SetPoint.value	xsd:float
cim:ShuntCompensator.aVRDelay	xsd:float
cim:ShuntCompensator.grounded	xsd:boolean
cim:ShuntCompensator.maximumSections	xsd:integer
cim:ShuntCompensator.nomU	xsd:float
cim:ShuntCompensator.normalSections	xsd:integer
cim:ShuntCompensator.sections	xsd:float
cim:ShuntCompensator.voltageSensitivity	xsd:float
cim:StaticVarCompensator.capacitiveRating	xsd:float
cim:StaticVarCompensator.inductiveRating	xsd:float
cim:StaticVarCompensator.q	xsd:float
cim:StaticVarCompensator.slope	xsd:float
cim:StaticVarCompensator.voltageSetPoint	xsd:float
cim:Status.dateTime	xsd:dateTime
cim:Status.reason	xsd:string
cim:Status.remark	xsd:string
cim:Status.value	xsd:string
cim:StreetAddress.language	xsd:string
cim:StreetAddress.poBox	xsd:string
cim:StreetAddress.postalCode	xsd:string
cim:StreetDetail.addressGeneral	xsd:string
cim:StreetDetail.addressGeneral2	xsd:string
cim:StreetDetail.addressGeneral3	xsd:string
cim:StreetDetail.buildingName	xsd:string
cim:StreetDetail.code	xsd:string
cim:StreetDetail.floorIdentification	xsd:string
cim:StreetDetail.name	xsd:string
cim:StreetDetail.number	xsd:string
cim:StreetDetail.prefix	xsd:string
cim:StreetDetail.suffix	xsd:string
cim:StreetDetail.suiteNumber	xsd:string
cim:StreetDetail.type	xsd:string
cim:StreetDetail.withinTownLimits	xsd:boolean
cim:SvInjection.pInjection	xsd:float
cim:SvInjection.qInjection	xsd:float
cim:SvPowerFlow.p	xsd:float
cim:SvPowerFlow.q	xsd:float
cim:SvShuntCompensatorSections.sections	xsd:float
cim:SvStatus.inService	xsd:boolean
cim:SvSwitch.open	xsd:boolean
cim:SvTapStep.position	xsd:float
cim:SvVoltage.angle	xsd:float
cim:SvVoltage.v	xsd:float
cim:Switch.locked	xsd:boolean
cim:Switch.normalOpen	xsd:boolean
cim:Switch.open	xsd:boolean
cim:Switch.ratedCurrent	xsd:float
cim:Switch.retained	xsd:boolean
cim:SynchronousMachine.earthing	xsd:boolean
cim:SynchronousMachine.earthingStarPointR	xsd:float
cim:SynchronousMachine.earthingStarPointX	xsd:float
cim:SynchronousMachine.ikk	xsd:float
cim:SynchronousMachine.maxQ	xsd:float
cim:SynchronousMachine.minQ	xsd:float
cim:SynchronousMachine.mu	xsd:float
cim:SynchronousMachine.qPercent	xsd:float
cim:SynchronousMachine.r	xsd:float
cim:SynchronousMachine.r0	xsd:float
cim:SynchronousMachine.r2	xsd:float
cim:SynchronousMachine.referencePriority	xsd:integer
cim:SynchronousMachine.satDirectSubtransX	xsd:float
cim:SynchronousMachine.satDirectSyncX	xsd:float
cim:SynchronousMachine.satDirectTransX	xsd:float
cim:SynchronousMachine.voltageRegulationRange	xsd:float
cim:SynchronousMachine.x0	xsd:float
cim:SynchronousMachine.x2	xsd:float
cim:SynchronousMachineDetailed.efdBaseRatio	xsd:float
cim:SynchronousMachineDetailed.saturationFactor120QAxis	xsd:float
cim:SynchronousMachineDetailed.saturationFactorQAxis	xsd:float
cim:SynchronousMachineEquivalentCircuit.r1d	xsd:float
cim:SynchronousMachineEquivalentCircuit.r1q	xsd:float
cim:SynchronousMachineEquivalentCircuit.r2q	xsd:float
cim:SynchronousMachineEquivalentCircuit.rfd	xsd:float
cim:SynchronousMachineEquivalentCircuit.x1d	xsd:float
cim:SynchronousMachineEquivalentCircuit.x1q	xsd:float
cim:SynchronousMachineEquivalentCircuit.x2q	xsd:float
cim:SynchronousMachineEquivalentCircuit.xad	xsd:float
cim:SynchronousMachineEquivalentCircuit.xaq	xsd:float
cim:SynchronousMachineEquivalentCircuit.xf1d	xsd:float
cim:SynchronousMachineEquivalentCircuit.xfd	xsd:float
cim:SynchronousMachineTimeConstantReactance.ks	xsd:float
cim:SynchronousMachineTimeConstantReactance.tc	xsd:float
cim:SynchronousMachineTimeConstantReactance.tpdo	xsd:float
cim:SynchronousMachineTimeConstantReactance.tppdo	xsd:float
cim:SynchronousMachineTimeConstantReactance.tppqo	xsd:float
cim:SynchronousMachineTimeConstantReactance.tpqo	xsd:float
cim:SynchronousMachineTimeConstantReactance.xDirectSubtrans	xsd:float
cim:SynchronousMachineTimeConstantReactance.xDirectSync	xsd:float
cim:SynchronousMachineTimeConstantReactance.xDirectTrans	xsd:float
cim:SynchronousMachineTimeConstantReactance.xQuadSubtrans	xsd:float
cim:SynchronousMachineTimeConstantReactance.xQuadSync	xsd:float
cim:SynchronousMachineTimeConstantReactance.xQuadTrans	xsd:float
cim:SynchronousMachineUserDefined.proprietary	xsd:boolean
cim:TapChanger.controlEnabled	xsd:boolean
cim:TapChanger.highStep	xsd:integer
cim:TapChanger.lowStep	xsd:integer
cim:TapChanger.ltcFlag	xsd:boolean
cim:TapChanger.neutralStep	xsd:integer
cim:TapChanger.neutralU	xsd:float
cim:TapChanger.normalStep	xsd:integer
cim:TapChanger.step	xsd:float
cim:TapChangerTablePoint.b	xsd:float
cim:TapChangerTablePoint.g	xsd:float
cim:TapChangerTablePoint.r	xsd:float
cim:TapChangerTablePoint.ratio	xsd:float
cim:TapChangerTablePoint.step	xsd:integer
cim:TapChangerTablePoint.x	xsd:float
cim:TextDiagramObject.text	xsd:string
cim:TieFlow.positiveFlowIn	xsd:boolean
cim:TownDetail.code	xsd:string
cim:TownDetail.country	xsd:string
cim:TownDetail.name	xsd:string
cim:TownDetail.section	xsd:string
cim:TownDetail.stateOrProvince	xsd:string
cim:TransformerEnd.endNumber	xsd:integer
cim:TransformerEnd.grounded	xsd:boolean
cim:TransformerEnd.rground	xsd:float
cim:TransformerEnd.xground	xsd:float
cim:TurbLCFB1.db	xsd:float
cim:TurbLCFB1.emax	xsd:float
cim:TurbLCFB1.fb	xsd:float
cim:TurbLCFB1.fbf	xsd:boolean
cim:TurbLCFB1.irmax	xsd:float
cim:TurbLCFB1.ki	xsd:float
cim:TurbLCFB1.kp	xsd:float
cim:TurbLCFB1.mwbase	xsd:float
cim:TurbLCFB1.pbf	xsd:boolean
cim:TurbLCFB1.pmwset	xsd:float
cim:TurbLCFB1.speedReferenceGovernor	xsd:boolean
cim:TurbLCFB1.tpelec	xsd:float
cim:TurbineGovernorUserDefined.proprietary	xsd:boolean
cim:TurbineLoadControllerUserDefined.proprietary	xsd:boolean
cim:UnderexcLim2Simplified.kui	xsd:float
cim:UnderexcLim2Simplified.p0	xsd:float
cim:UnderexcLim2Simplified.p1	xsd:float
cim:UnderexcLim2Simplified.q0	xsd:float
cim:UnderexcLim2Simplified.q1	xsd:float
cim:UnderexcLim2Simplified.vuimax	xsd:float
cim:UnderexcLim2Simplified.vuimin	xsd:float
cim:UnderexcLimIEEE1.kuc	xsd:float
cim:UnderexcLimIEEE1.kuf	xsd:float
cim:UnderexcLimIEEE1.kui	xsd:float
cim:UnderexcLimIEEE1.kul	xsd:float
cim:UnderexcLimIEEE1.kur	xsd:float
cim:UnderexcLimIEEE1.tu1	xsd:float
cim:UnderexcLimIEEE1.tu2	xsd:float
cim:UnderexcLimIEEE1.tu3	xsd:float
cim:UnderexcLimIEEE1.tu4	xsd:float
cim:UnderexcLimIEEE1.vucmax	xsd:float
cim:UnderexcLimIEEE1.vuimax	xsd:float
cim:UnderexcLimIEEE1.vuimin	xsd:float
cim:UnderexcLimIEEE1.vulmax	xsd:float
cim:UnderexcLimIEEE1.vulmin	xsd:float
cim:UnderexcLimIEEE1.vurmax	xsd:float
cim:UnderexcLimIEEE2.k1	xsd:float
cim:UnderexcLimIEEE2.k2	xsd:float
cim:UnderexcLimIEEE2.kfb	xsd:float
cim:UnderexcLimIEEE2.kuf	xsd:float
cim:UnderexcLimIEEE2.kui	xsd:float
cim:UnderexcLimIEEE2.kul	xsd:float
cim:UnderexcLimIEEE2.p0	xsd:float
cim:UnderexcLimIEEE2.p1	xsd:float
cim:UnderexcLimIEEE2.p10	xsd:float
cim:UnderexcLimIEEE2.p2	xsd:float
cim:UnderexcLimIEEE2.p3	xsd:float
cim:UnderexcLimIEEE2.p4	xsd:float
cim:UnderexcLimIEEE2.p5	xsd:float
cim:UnderexcLimIEEE2.p6	xsd:float
cim:UnderexcLimIEEE2.p7	xsd:float
cim:UnderexcLimIEEE2.p8	xsd:float
cim:UnderexcLimIEEE2.p9	xsd:float
cim:UnderexcLimIEEE2.q0	xsd:float
cim:UnderexcLimIEEE2.q1	xsd:float
cim:UnderexcLimIEEE2.q10	xsd:float
cim:UnderexcLimIEEE2.q2	xsd:float
cim:UnderexcLimIEEE2.q3	xsd:float
cim:UnderexcLimIEEE2.q4	xsd:float
cim:UnderexcLimIEEE2.q5	xsd:float
cim:UnderexcLimIEEE2.q6	xsd:float
cim:UnderexcLimIEEE2.q7	xsd:float
cim:UnderexcLimIEEE2.q8	xsd:float
cim:UnderexcLimIEEE2.q9	xsd:float
cim:UnderexcLimIEEE2.tu1	xsd:float
cim:UnderexcLimIEEE2.tu2	xsd:float
cim:UnderexcLimIEEE2.tu3	xsd:float
cim:UnderexcLimIEEE2.tu4	xsd:float
cim:UnderexcLimIEEE2.tul	xsd:float
cim:UnderexcLimIEEE2.tup	xsd:float
cim:UnderexcLimIEEE2.tuq	xsd:float
cim:UnderexcLimIEEE2.tuv	xsd:float
cim:UnderexcLimIEEE2.vuimax	xsd:float
cim:UnderexcLimIEEE2.vuimin	xsd:float
cim:UnderexcLimIEEE2.vulmax	xsd:float
cim:UnderexcLimIEEE2.vulmin	xsd:float
cim:UnderexcLimX1.k	xsd:float
cim:UnderexcLimX1.kf2	xsd:float
cim:UnderexcLimX1.km	xsd:float
cim:UnderexcLimX1.melmax	xsd:float
cim:UnderexcLimX1.tf2	xsd:float
cim:UnderexcLimX1.tm	xsd:float
cim:UnderexcLimX2.kf2	xsd:float
cim:UnderexcLimX2.km	xsd:float
cim:UnderexcLimX2.melmax	xsd:float
cim:UnderexcLimX2.qo	xsd:float
cim:UnderexcLimX2.r	xsd:float
cim:UnderexcLimX2.tf2	xsd:float
cim:UnderexcLimX2.tm	xsd:float
cim:UnderexcitationLimiterUserDefined.proprietary	xsd:boolean
cim:VAdjIEEE.adjslew	xsd:float
cim:VAdjIEEE.taoff	xsd:float
cim:VAdjIEEE.taon	xsd:float
cim:VAdjIEEE.vadjf	xsd:float
cim:VAdjIEEE.vadjmax	xsd:float
cim:VAdjIEEE.vadjmin	xsd:float
cim:VCompIEEEType1.rc	xsd:float
cim:VCompIEEEType1.tr	xsd:float
cim:VCompIEEEType1.xc	xsd:float
cim:VCompIEEEType2.tr	xsd:float
cim:VSCUserDefined.proprietary	xsd:boolean
cim:ValueToAlias.value	xsd:integer
cim:VisibilityLayer.drawingOrder	xsd:integer
cim:VoltageAdjusterUserDefined.proprietary	xsd:boolean
cim:VoltageCompensatorUserDefined.proprietary	xsd:boolean
cim:VoltageLevel.highVoltageLimit	xsd:float
cim:VoltageLevel.lowVoltageLimit	xsd:float
cim:VoltageLimit.normalValue	xsd:float
cim:VoltageLimit.value	xsd:float
cim:VsConverter.delta	xsd:float
cim:VsConverter.droop	xsd:float
cim:VsConverter.droopCompensation	xsd:float
cim:VsConverter.maxModulationIndex	xsd:float
cim:VsConverter.qShare	xsd:float
cim:VsConverter.targetPWMfactor	xsd:float
cim:VsConverter.targetPhasePcc	xsd:float
cim:VsConverter.targetPowerFactorPcc	xsd:float
cim:VsConverter.targetQpcc	xsd:float
cim:VsConverter.targetUpcc	xsd:float
cim:VsConverter.uv	xsd:float
cim:WindAeroOneDimIEC.ka	xsd:float
cim:WindAeroOneDimIEC.thetaomega	xsd:float
cim:WindAeroTwoDimIEC.dpomega	xsd:float
cim:WindAeroTwoDimIEC.dptheta	xsd:float
cim:WindAeroTwoDimIEC.dpv1	xsd:float
cim:WindAeroTwoDimIEC.omegazero	xsd:float
cim:WindAeroTwoDimIEC.pavail	xsd:float
cim:WindAeroTwoDimIEC.thetav2	xsd:float
cim:WindAeroTwoDimIEC.thetazero	xsd:float
cim:WindContCurrLimIEC.imax	xsd:float
cim:WindContCurrLimIEC.imaxdip	xsd:float
cim:WindContCurrLimIEC.kpqu	xsd:float
cim:WindContCurrLimIEC.mdfslim	xsd:boolean
cim:WindContCurrLimIEC.mqpri	xsd:boolean
cim:WindContCurrLimIEC.tufiltcl	xsd:float
cim:WindContCurrLimIEC.upqumax	xsd:float
cim:WindContPType3IEC.dpmax	xsd:float
cim:WindContPType3IEC.dprefmax	xsd:float
cim:WindContPType3IEC.dprefmin	xsd:float
cim:WindContPType3IEC.dthetamax	xsd:float
cim:WindContPType3IEC.dthetamaxuvrt	xsd:float
cim:WindContPType3IEC.kdtd	xsd:float
cim:WindContPType3IEC.kip	xsd:float
cim:WindContPType3IEC.kpp	xsd:float
cim:WindContPType3IEC.mpuvrt	xsd:boolean
cim:WindContPType3IEC.omegadtd	xsd:float
cim:WindContPType3IEC.omegaoffset	xsd:float
cim:WindContPType3IEC.pdtdmax	xsd:float
cim:WindContPType3IEC.tdvs	xsd:float
cim:WindContPType3IEC.thetaemin	xsd:float
cim:WindContPType3IEC.thetauscale	xsd:float
cim:WindContPType3IEC.tomegafiltp3	xsd:float
cim:WindContPType3IEC.tomegaref	xsd:float
cim:WindContPType3IEC.tpfiltp3	xsd:float
cim:WindContPType3IEC.tpord	xsd:float
cim:WindContPType3IEC.tufiltp3	xsd:float
cim:WindContPType3IEC.udvs	xsd:float
cim:WindContPType3IEC.updip	xsd:float
cim:WindContPType3IEC.zeta	xsd:float
cim:WindContPType4aIEC.dpmaxp4a	xsd:float
cim:WindContPType4aIEC.tpordp4a	xsd:float
cim:WindContPType4aIEC.tufiltp4a	xsd:float
cim:WindContPType4bIEC.dpmaxp4b	xsd:float
cim:WindContPType4bIEC.tpaero	xsd:float
cim:WindContPType4bIEC.tpordp4b	xsd:float
cim:WindContPType4bIEC.tufiltp4b	xsd:float
cim:WindContPitchAngleIEC.dthetamax	xsd:float
cim:WindContPitchAngleIEC.dthetamin	xsd:float
cim:WindContPitchAngleIEC.kic	xsd:float
cim:WindContPitchAngleIEC.kiomega	xsd:float
cim:WindContPitchAngleIEC.kpc	xsd:float
cim:WindContPitchAngleIEC.kpomega	xsd:float
cim:WindContPitchAngleIEC.kpx	xsd:float
cim:WindContPitchAngleIEC.thetamax	xsd:float
cim:WindContPitchAngleIEC.thetamin	xsd:float
cim:WindContPitchAngleIEC.ttheta	xsd:float
cim:WindContQIEC.iqh1	xsd:float
cim:WindContQIEC.iqmax	xsd:float
cim:WindContQIEC.iqmin	xsd:float
cim:WindContQIEC.iqpost	xsd:float
cim:WindContQIEC.kiq	xsd:float
cim:WindContQIEC.kiu	xsd:float
cim:WindContQIEC.kpq	xsd:float
cim:WindContQIEC.kpu	xsd:float
cim:WindContQIEC.kqv	xsd:float
cim:WindContQIEC.rdroop	xsd:float
cim:WindContQIEC.tpfiltq	xsd:float
cim:WindContQIEC.tpost	xsd:float
cim:WindContQIEC.tqord	xsd:float
cim:WindContQIEC.tufiltq	xsd:float
cim:WindContQIEC.udb1	xsd:float
cim:WindContQIEC.udb2	xsd:float
cim:WindContQIEC.umax	xsd:float
cim:WindContQIEC.umin	xsd:float
cim:WindContQIEC.uqdip	xsd:float
cim:WindContQIEC.uref0	xsd:float
cim:WindContQIEC.xdroop	xsd:float
cim:WindContQLimIEC.qmax	xsd:float
cim:WindContQLimIEC.qmin	xsd:float
cim:WindContQPQULimIEC.tpfiltql	xsd:float
cim:WindContQPQULimIEC.tufiltql	xsd:float
cim:WindContRotorRIEC.kirr	xsd:float
cim:WindContRotorRIEC.komegafilt	xsd:float
cim:WindContRotorRIEC.kpfilt	xsd:float
cim:WindContRotorRIEC.kprr	xsd:float
cim:WindContRotorRIEC.rmax	xsd:float
cim:WindContRotorRIEC.rmin	xsd:float
cim:WindContRotorRIEC.tomegafiltrr	xsd:float
cim:WindContRotorRIEC.tpfiltrr	xsd:float
cim:WindDynamicsLookupTable.input	xsd:float
cim:WindDynamicsLookupTable.output	xsd:float
cim:WindDynamicsLookupTable.sequence	xsd:integer
cim:WindGenType3IEC.dipmax	xsd:float
cim:WindGenType3IEC.diqmax	xsd:float
cim:WindGenType3IEC.xs	xsd:float
cim:WindGenType3aIEC.kpc	xsd:float
cim:WindGenType3aIEC.tic	xsd:float
cim:WindGenType3bIEC.mwtcwp	xsd:boolean
cim:WindGenType3bIEC.tg	xsd:float
cim:WindGenType3bIEC.two	xsd:float
cim:WindGenType4IEC.dipmax	xsd:float
cim:WindGenType4IEC.diqmax	xsd:float
cim:WindGenType4IEC.diqmin	xsd:float
cim:WindGenType4IEC.tg	xsd:float
cim:WindMechIEC.cdrt	xsd:float
cim:WindMechIEC.hgen	xsd:float
cim:WindMechIEC.hwtr	xsd:float
cim:WindMechIEC.kdrt	xsd:float
cim:WindPitchContPowerIEC.dpmax	xsd:float
cim:WindPitchContPowerIEC.dpmin	xsd:float
cim:WindPitchContPowerIEC.pmin	xsd:float
cim:WindPitchContPowerIEC.pset	xsd:float
cim:WindPitchContPowerIEC.t1	xsd:float
cim:WindPitchContPowerIEC.tr	xsd:float
cim:WindPitchContPowerIEC.uuvrt	xsd:float
cim:WindPlantFreqPcontrolIEC.dprefmax	xsd:float
cim:WindPlantFreqPcontrolIEC.dprefmin	xsd:float
cim:WindPlantFreqPcontrolIEC.dpwprefmax	xsd:float
cim:WindPlantFreqPcontrolIEC.dpwprefmin	xsd:float
cim:WindPlantFreqPcontrolIEC.kiwpp	xsd:float
cim:WindPlantFreqPcontrolIEC.kiwppmax	xsd:float
cim:WindPlantFreqPcontrolIEC.kiwppmin	xsd:float
cim:WindPlantFreqPcontrolIEC.kpwpp	xsd:float
cim:WindPlantFreqPcontrolIEC.kwppref	xsd:float
cim:WindPlantFreqPcontrolIEC.prefmax	xsd:float
cim:WindPlantFreqPcontrolIEC.prefmin	xsd:float
cim:WindPlantFreqPcontrolIEC.tpft	xsd:float
cim:WindPlantFreqPcontrolIEC.tpfv	xsd:float
cim:WindPlantFreqPcontrolIEC.twpffiltp	xsd:float
cim:WindPlantFreqPcontrolIEC.twppfiltp	xsd:float
cim:WindPlantReactiveControlIEC.dxrefmax	xsd:float
cim:WindPlantReactiveControlIEC.dxrefmin	xsd:float
cim:WindPlantReactiveControlIEC.kiwpx	xsd:float
cim:WindPlantReactiveControlIEC.kiwpxmax	xsd:float
cim:WindPlantReactiveControlIEC.kiwpxmin	xsd:float
cim:WindPlantReactiveControlIEC.kpwpx	xsd:float
cim:WindPlantReactiveControlIEC.kwpqref	xsd:float
cim:WindPlantReactiveControlIEC.kwpqu	xsd:float
cim:WindPlantReactiveControlIEC.tuqfilt	xsd:float
cim:WindPlantReactiveControlIEC.twppfiltq	xsd:float
cim:WindPlantReactiveControlIEC.twpqfiltq	xsd:float
cim:WindPlantReactiveControlIEC.twpufiltq	xsd:float
cim:WindPlantReactiveControlIEC.txft	xsd:float
cim:WindPlantReactiveControlIEC.txfv	xsd:float
cim:WindPlantReactiveControlIEC.uwpqdip	xsd:float
cim:WindPlantReactiveControlIEC.xrefmax	xsd:float
cim:WindPlantReactiveControlIEC.xrefmin	xsd:float
cim:WindPlantUserDefined.proprietary	xsd:boolean
cim:WindProtectionIEC.dfimax	xsd:float
cim:WindProtectionIEC.fover	xsd:float
cim:WindProtectionIEC.funder	xsd:float
cim:WindProtectionIEC.mzc	xsd:boolean
cim:WindProtectionIEC.tfma	xsd:float
cim:WindProtectionIEC.uover	xsd:float
cim:WindProtectionIEC.uunder	xsd:float
cim:WindRefFrameRotIEC.tpll	xsd:float
cim:WindRefFrameRotIEC.upll1	xsd:float
cim:WindRefFrameRotIEC.upll2	xsd:float
cim:WindType1or2UserDefined.proprietary	xsd:boolean
cim:WindType3or4UserDefined.proprietary	xsd:boolean
eu:BoundaryPoint.fromEndIsoCode	xsd:string
eu:BoundaryPoint.fromEndName	xsd:string
eu:BoundaryPoint.fromEndNameTso	xsd:string
eu:BoundaryPoint.isDirectCurrent	xsd:boolean
eu:BoundaryPoint.isExcludedFromAreaInterchange	xsd:boolean
eu:BoundaryPoint.toEndIsoCode	xsd:string
eu:BoundaryPoint.toEndName	xsd:string
eu:BoundaryPoint.toEndNameTso	xsd:string
eu:IdentifiedObject.energyIdentCodeEic	xsd:string
eu:IdentifiedObject.shortName	xsd:string
md:Model.created	xsd:dateTime
md:Model.description	xsd:string
md:Model.modelingAuthoritySet	xsd:anyURI
md:Model.profile	xsd:anyURI
md:Model.scenarioTime	xsd:dateTime
md:Model.version	xsd:integer
rdf:Statements.object	xsd:string
rdf:Statements.predicate	xsd:string
rdf:Statements.subject	xsd:string
